Date,volatility,lstm_pred
2015-02-03,0.0114849957333982,
2015-02-04,0.0115214474486579,
2015-02-05,0.0088864340954891,
2015-02-06,0.0090036743133191,
2015-02-09,0.0093757402981064,
2015-02-10,0.0093470654195733,
2015-02-11,0.0094052692542104,
2015-02-12,0.0094997887703155,
2015-02-13,0.0095990860130249,
2015-02-16,0.0080456139284176,
2015-02-18,0.0081197631825466,
2015-02-19,0.0081051595837249,
2015-02-20,0.0075580313386887,
2015-02-23,0.0078061576092367,
2015-02-24,0.0077668722560149,
2015-02-25,0.0075260905494425,
2015-02-26,0.0074973447210643,
2015-02-27,0.0086288279741966,
2015-03-02,0.009035164224882,
2015-03-03,0.0082765805881687,
2015-03-04,0.0085070145145506,
2015-03-05,0.0084205770828584,
2015-03-09,0.0095965215263403,
2015-03-10,0.009661370733163,
2015-03-11,0.0095755314746904,
2015-03-12,0.009014344311513,
2015-03-13,0.0096337118298372,
2015-03-16,0.009517297406526,
2015-03-17,0.0095530372382094,
2015-03-18,0.0092730436000087,
2015-03-19,0.009339209422774,
2015-03-20,0.0092656485467022,
2015-03-23,0.0092066656549061,
2015-03-24,0.0091340496033697,
2015-03-25,0.0089775507645291,
2015-03-26,0.010070972045163,
2015-03-27,0.01006220957628,
2015-03-30,0.0108383779518802,
2015-03-31,0.0098929778582126,
2015-04-01,0.0097912638226141,
2015-04-06,0.0099669649230598,
2015-04-07,0.0098642191619936,
2015-04-08,0.0099847231910947,
2015-04-09,0.0091074329750374,
2015-04-10,0.0090281610207457,
2015-04-13,0.0091024760178802,
2015-04-16,0.0094873046266098,
2015-04-17,0.0092754099771656,
2015-04-20,0.0100982382734133,
2015-04-21,0.0098642444222829,
2015-04-22,0.0100023190564679,
2015-04-23,0.0099645360139906,
2015-04-24,0.0101107167317956,
2015-04-27,0.0103243353904756,
2015-04-28,0.0105811253224902,
2015-04-29,0.0106187121502992,
2015-04-30,0.0096041249336205,
2015-05-04,0.0104755997658299,
2015-05-05,0.009631265461857,
2015-05-06,0.0112614486876011,
2015-05-07,0.0108422884651,
2015-05-08,0.0113936234020067,
2015-05-11,0.0121072491685642,
2015-05-12,0.012876881526879,
2015-05-13,0.0131846430218076,
2015-05-14,0.0131693932730586,
2015-05-15,0.0131220115847735,
2015-05-18,0.0133281353816925,
2015-05-19,0.0131388705587021,
2015-05-20,0.0126383412244191,
2015-05-21,0.0124976999251615,
2015-05-22,0.0124630348546847,
2015-05-25,0.0126565701188277,
2015-05-26,0.0124359485871333,
2015-05-27,0.0121684767098398,
2015-05-28,0.0120386398057705,
2015-05-29,0.0123088285403931,
2015-06-01,0.0121691974141915,
2015-06-02,0.0126996286205305,
2015-06-03,0.0129599375676074,
2015-06-04,0.0114327969216072,
2015-06-05,0.0113848440659317,
2015-06-08,0.0109141907325133,
2015-06-09,0.0101924341217812,
2015-06-10,0.0092782341502087,
2015-06-11,0.0097056955149199,
2015-06-12,0.0097409202563092,
2015-06-15,0.009718935341002,
2015-06-16,0.0092101539806426,
2015-06-17,0.0093490677429459,
2015-06-18,0.0095272974454252,
2015-06-19,0.0096678640696404,
2015-06-22,0.0102640919679606,
2015-06-23,0.0100372742072619,
2015-06-24,0.0100178441860251,
2015-06-25,0.0100599619418226,
2015-06-26,0.0100615750669982,
2015-06-29,0.0097143182622513,
2015-06-30,0.0098223943910596,
2015-07-01,0.0084940990817145,
2015-07-02,0.0079252576530338,
2015-07-03,0.0079313700727013,
2015-07-06,0.0078923436828101,
2015-07-07,0.0075305249586306,
2015-07-08,0.0086678044626928,
2015-07-09,0.0084052380134246,
2015-07-10,0.0069071950535685,
2015-07-13,0.0072098245073967,
2015-07-14,0.0072425815533918,
2015-07-15,0.0073409884880228,
2015-07-16,0.0074823979448484,
2015-07-17,0.0073132599610271,
2015-07-20,0.0072947817296944,
2015-07-21,0.006983834709748,
2015-07-22,0.0073822428948127,
2015-07-23,0.0074719576959603,
2015-07-24,0.007697985188685,
2015-07-27,0.0088112753655026,
2015-07-28,0.0086737663800843,
2015-07-29,0.0086300979039752,
2015-07-30,0.0084228213694727,
2015-07-31,0.0089025134220249,
2015-08-03,0.0088517878819238,
2015-08-04,0.0088303309957592,
2015-08-05,0.0089199690575808,
2015-08-06,0.0079335877560209,
2015-08-07,0.0078935311176034,
2015-08-10,0.0079726950234429,
2015-08-11,0.0077655221200063,
2015-08-12,0.0083025575144738,
2015-08-13,0.0080633414594533,
2015-08-14,0.008913896093449,
2015-08-17,0.0089621681073182,
2015-08-18,0.0089629152007141,
2015-08-19,0.0088173310962651,
2015-08-20,0.0088727268594385,
2015-08-21,0.0089824699650281,
2015-08-24,0.0157491740849179,
2015-08-25,0.0156187791067138,
2015-08-26,0.0157291480088697,
2015-08-27,0.0164526284360113,
2015-08-28,0.0164806930064457,
2015-08-31,0.0160922896463666,
2015-09-01,0.0166469590470175,
2015-09-02,0.0166716781439305,
2015-09-03,0.0169978107197475,
2015-09-04,0.0173307315920826,
2015-09-07,0.017387874441054,
2015-09-08,0.0180948993392932,
2015-09-09,0.0186902841931171,
2015-09-10,0.0185591664136006,
2015-09-11,0.0185529170604445,
2015-09-14,0.0181146739356822,
2015-09-15,0.0181171602204982,
2015-09-16,0.0183228363628654,
2015-09-18,0.0185148051514389,
2015-09-21,0.0183289988817352,
2015-09-22,0.0187309243237477,
2015-09-23,0.0132133351833424,
2015-09-24,0.0130718997179388,
2015-09-28,0.012991214828355,
2015-09-29,0.0122586946606722,
2015-09-30,0.0125431852514872,
2015-10-01,0.012517506515468,
2015-10-05,0.0121150488541152,
2015-10-06,0.0118608942535722,
2015-10-07,0.011590516410668,
2015-10-08,0.0104209378045193,
2015-10-09,0.0098300370161426,
2015-10-12,0.0095511143547337,
2015-10-13,0.0090227496513899,
2015-10-14,0.008993926330431,
2015-10-15,0.0091061323418184,
2015-10-16,0.0089798570475838,
2015-10-19,0.0088166649730693,
2015-10-20,0.0087413404589035,
2015-10-21,0.008556620080101,
2015-10-23,0.0085779303088517,
2015-10-26,0.0069874600065505,
2015-10-27,0.0070957645901901,
2015-10-28,0.007408963996006,
2015-10-29,0.0072712565265609,
2015-10-30,0.0073843927228508,
2015-11-02,0.0068728611215022,
2015-11-03,0.0068736463881743,
2015-11-04,0.0050820613030287,
2015-11-05,0.0054209084631089,
2015-11-06,0.0053428822450164,
2015-11-09,0.0053055560868728,
2015-11-10,0.0059205654403842,
2015-11-13,0.0058751989125822,
2015-11-16,0.0061275674577742,
2015-11-17,0.0062550422922392,
2015-11-18,0.0062993450423263,
2015-11-19,0.0070045137790563,
2015-11-20,0.0068968556618741,
2015-11-23,0.0069027632869557,
2015-11-24,0.0068971906488487,
2015-11-26,0.0069794366480981,
2015-11-27,0.0072867067867061,
2015-11-30,0.0072811610894724,
2015-12-01,0.0072115575793305,
2015-12-02,0.0070914942590166,
2015-12-03,0.0072092878233914,
2015-12-04,0.007490413331065,
2015-12-07,0.0074623804978005,
2015-12-08,0.0075938630827322,
2015-12-09,0.0076563353722059,
2015-12-10,0.0080415112139684,
2015-12-11,0.0081963579744001,
2015-12-14,0.0075748261309824,
2015-12-15,0.0077307622504827,
2015-12-16,0.0077629725317495,
2015-12-17,0.0081720724267794,
2015-12-18,0.0079433643212424,
2015-12-21,0.0075698171921653,
2015-12-22,0.0076728917421283,
2015-12-23,0.0080136001057768,
2015-12-24,0.0079975643876766,
2015-12-28,0.0080635252419554,
2015-12-29,0.0078942895264854,
2015-12-30,0.0079422338301852,
2015-12-31,0.0080516088492382,
2016-01-04,0.009113195555927,
2016-01-05,0.0089429679750159,
2016-01-06,0.0087298400013868,
2016-01-07,0.0099965178776049,
2016-01-08,0.0099323542303502,
2016-01-11,0.0096644060028496,
2016-01-12,0.0095132912910866,
2016-01-13,0.0094601106222201,
2016-01-14,0.009396158017566,
2016-01-15,0.0096170441000866,
2016-01-18,0.0096684644690935,
2016-01-19,0.0096235918612389,
2016-01-20,0.009991870911814,
2016-01-21,0.0095980767329448,
2016-01-22,0.0108341643361007,
2016-01-25,0.010501119544234,
2016-01-27,0.0105109015126221,
2016-01-28,0.0102224770249323,
2016-01-29,0.0112471223391398,
2016-02-01,0.011241604621426,
2016-02-02,0.0113253387413243,
2016-02-03,0.0109031006753521,
2016-02-04,0.0110519655077638,
2016-02-05,0.0114225085676701,
2016-02-08,0.0107520004415328,
2016-02-09,0.0109298905706479,
2016-02-10,0.0111066989736363,
2016-02-11,0.0130410284062827,
2016-02-12,0.0128612231285763,
2016-02-15,0.0143886158470831,
2016-02-16,0.01451178329169,
2016-02-17,0.0145440267142307,
2016-02-18,0.0145563924832234,
2016-02-19,0.0141377008502134,
2016-02-22,0.0141344457790569,
2016-02-23,0.0138201895231727,
2016-02-24,0.0139845259072894,
2016-02-25,0.0139949366096365,
2016-02-26,0.0142189703172826,
2016-02-29,0.0133792361331616,
2016-03-01,0.0156170860137316,
2016-03-02,0.0161137799561372,
2016-03-03,0.0161788760690572,
2016-03-04,0.0161394960826759,
2016-03-08,0.0159448043023502,
2016-03-09,0.0156807485181711,
2016-03-10,0.0154833603585085,
2016-03-11,0.0152156478933527,
2016-03-14,0.0128388857619731,
2016-03-15,0.0131925319567133,
2016-03-16,0.0121548480450839,
2016-03-17,0.0114099763137315,
2016-03-18,0.0115242814000705,
2016-03-21,0.0115795163463263,
2016-03-22,0.0115862348857507,
2016-03-23,0.0116047864501274,
2016-03-28,0.0112649259155102,
2016-03-29,0.0107341268155324,
2016-03-30,0.0108738616583732,
2016-03-31,0.0108861655295889,
2016-04-01,0.0107650457771125,
2016-04-04,0.0085934663036151,
2016-04-05,0.0091696156926381,
2016-04-06,0.008681852479868,
2016-04-07,0.0089414327863956,
2016-04-08,0.0089424832186112,
2016-04-11,0.0094393341479692,
2016-04-12,0.0093381156811825,
2016-04-13,0.0100300122380125,
2016-04-18,0.0101113197398972,
2016-04-20,0.0097022804403203,
2016-04-21,0.0097108220203033,
2016-04-22,0.0097526653295185,
2016-04-25,0.0096338722664821,
2016-04-26,0.0096676310655851,
2016-04-27,0.0096683722956715,
2016-04-28,0.0104674816322341,
2016-04-29,0.0099650934859296,
2016-05-02,0.010051585807736,
2016-05-03,0.0094551011489697,
2016-05-04,0.0095250050248628,
2016-05-05,0.0095347115332742,
2016-05-06,0.0094424620484284,
2016-05-09,0.0089647479581657,
2016-05-10,0.0089681011592299,
2016-05-11,0.0087709102173044,
2016-05-12,0.0088276480677193,
2016-05-13,0.0087254890530053,
2016-05-16,0.0087501717859941,
2016-05-17,0.0078480692795347,
2016-05-18,0.0076549679232824,
2016-05-19,0.008009381737575,
2016-05-20,0.0080454406402284,
2016-05-23,0.008050414741898,
2016-05-24,0.0080098847691098,
2016-05-25,0.0091357596691334,
2016-05-26,0.0098558281873569,
2016-05-27,0.009250668818253,
2016-05-30,0.0092456195616606,
2016-05-31,0.009136750326018,
2016-06-01,0.0088631092175476,
2016-06-02,0.0086885296283369,
2016-06-03,0.0087086699450805,
2016-06-06,0.0087599057510388,
2016-06-07,0.008232608089609,
2016-06-08,0.0082390187153995,
2016-06-09,0.0084244284105187,
2016-06-10,0.0084639753890634,
2016-06-13,0.0082330615941199,
2016-06-14,0.0081890005736265,
2016-06-15,0.0084938138179102,
2016-06-16,0.0087175134519062,
2016-06-17,0.0082234264829953,
2016-06-20,0.0081756899063464,
2016-06-21,0.008170894032563,
2016-06-22,0.0082400030829454,
2016-06-23,0.006833494098825,
2016-06-24,0.0078297957739452,
2016-06-27,0.0074470948600556,
2016-06-28,0.0074821802993978,
2016-06-29,0.0077524748789398,
2016-06-30,0.0080389077388481,
2016-07-01,0.0080423085012273,
2016-07-04,0.0080994702395345,
2016-07-05,0.0081437757947067,
2016-07-07,0.0079766338173161,
2016-07-08,0.007989988951711,
2016-07-11,0.0085342274228282,
2016-07-12,0.0084930525397815,
2016-07-13,0.0082413359247689,
2016-07-14,0.008244065958691,
2016-07-15,0.0080306017404685,
2016-07-18,0.007818883181149,
2016-07-19,0.0078115399675811,
2016-07-20,0.0076993172146531,
2016-07-21,0.0078679530147394,
2016-07-22,0.0078340022799847,
2016-07-25,0.0079724446026652,
2016-07-26,0.006001685216998,
2016-07-27,0.0059821227058414,
2016-07-28,0.0060107378664389,
2016-07-29,0.0059793449985413,
2016-08-01,0.0057351567070043,
2016-08-02,0.0057439760240196,
2016-08-03,0.0061406416436184,
2016-08-04,0.006027633079464,
2016-08-05,0.0067600526317255,
2016-08-08,0.0067112739794642,
2016-08-09,0.0058672976099454,
2016-08-10,0.006397364744284,
2016-08-11,0.0064063662566173,
2016-08-16,0.0064274032774625,
2016-08-17,0.0064135093958709,
2016-08-18,0.0064313918790187,
2016-08-19,0.0064323514223142,
2016-08-22,0.0064701725460817,
2016-08-23,0.006275509328649,
2016-08-24,0.0062473362121174,
2016-08-25,0.0059645414991372,
2016-08-26,0.0058756318473233,
2016-08-29,0.0059101181334965,
2016-08-30,0.0067440634066642,
2016-08-31,0.006753750319733,
2016-09-01,0.0067662580229942,
2016-09-02,0.006779059071253,
2016-09-06,0.0070186507198608,
2016-09-07,0.0070968465514291,
2016-09-08,0.006430402263126,
2016-09-09,0.0068512341727715,
2016-09-12,0.007854079561916,
2016-09-14,0.0073457986294765,
2016-09-15,0.0073448055338349,
2016-09-16,0.007298464319727,
2016-09-19,0.0072863802316259,
2016-09-20,0.0072726871042141,
2016-09-21,0.0072674163468905,
2016-09-22,0.0074642107619018,
2016-09-23,0.0075538156162263,
2016-09-26,0.0080969049064943,
2016-09-27,0.00795131954645,
2016-09-28,0.0079634415111346,
2016-09-29,0.0089045388793829,
2016-09-30,0.0081581941804116,
2016-10-03,0.0087529661210163,
2016-10-04,0.0087879375734851,
2016-10-05,0.008758831045323,
2016-10-06,0.0080421759767664,
2016-10-07,0.0080344844982153,
2016-10-10,0.0079727648866656,
2016-10-13,0.0083864497136693,
2016-10-14,0.0076005443399644,
2016-10-17,0.0077199095344686,
2016-10-18,0.0087997069350994,
2016-10-19,0.0087429008259683,
2016-10-20,0.008779339706211,
2016-10-21,0.0087507257500378,
2016-10-24,0.0087641605611432,
2016-10-25,0.0084240342050517,
2016-10-26,0.0085731001570262,
2016-10-27,0.0081825067374099,
2016-10-28,0.0082060161940697,
2016-11-01,0.0081330932091709,
2016-11-02,0.0076951240595063,
2016-11-03,0.0076945841512822,
2016-11-04,0.0069178044291322,
2016-11-07,0.0071168295545491,
2016-11-08,0.0072670576243398,
2016-11-09,0.007710525476688,
2016-11-10,0.0081865678740035,
2016-11-11,0.0099746061476126,
2016-11-15,0.0105659544121393,
2016-11-16,0.0105531463423852,
2016-11-17,0.0105034231943601,
2016-11-18,0.0093753997472624,
2016-11-21,0.0098994193364581,
2016-11-22,0.0101488964356383,
2016-11-23,0.0102712634837033,
2016-11-24,0.0102371169850956,
2016-11-25,0.0113772858383766,
2016-11-28,0.0113502827283693,
2016-11-29,0.0113805634584252,
2016-11-30,0.011666142153801,
2016-12-01,0.0116683840222065,
2016-12-02,0.0116655130607314,
2016-12-05,0.0117800298715504,
2016-12-06,0.0117705528796895,
2016-12-07,0.0116001181329115,
2016-12-08,0.0122956772042009,
2016-12-09,0.0120288860925133,
2016-12-12,0.0118908871017076,
2016-12-13,0.0104989106995096,
2016-12-14,0.0092275731371672,
2016-12-15,0.0092680824849636,
2016-12-16,0.009231432582095,
2016-12-19,0.0092855710862423,
2016-12-20,0.0083264464254601,
2016-12-21,0.0081359508391106,
2016-12-22,0.0084093925427391,
2016-12-23,0.0082008846841785,
2016-12-26,0.0073022072846143,
2016-12-27,0.0081654032872987,
2016-12-28,0.0081489122450311,
2016-12-29,0.0080540523370679,
2016-12-30,0.0083510549739613,
2017-01-02,0.0078081243159319,
2017-01-03,0.007740458525793,
2017-01-04,0.0077346287914717,
2017-01-05,0.007918099742821,
2017-01-06,0.0069795283925233,
2017-01-09,0.0069693852045138,
2017-01-10,0.0066335027529653,
2017-01-11,0.0069124864080375,
2017-01-12,0.0068011475580473,
2017-01-13,0.0067302979065233,
2017-01-16,0.0066913546971421,
2017-01-17,0.0066012853116701,
2017-01-18,0.0065240312954978,
2017-01-19,0.0064403547372831,
2017-01-20,0.0064373432017708,
2017-01-23,0.0064593192209667,
2017-01-24,0.0060311022600806,
2017-01-25,0.0059546193687557,
2017-01-27,0.0059188533845755,
2017-01-30,0.0058761832356402,
2017-01-31,0.0061341089615207,
2017-02-01,0.0069915476912911,
2017-02-02,0.0069872265531944,
2017-02-03,0.006967572086253,
2017-02-06,0.006838232888767,
2017-02-07,0.0068428583650091,
2017-02-08,0.0068174011460918,
2017-02-09,0.0067841998495708,
2017-02-10,0.0065127772625195,
2017-02-13,0.0065129339608243,
2017-02-14,0.0065290648637318,
2017-02-15,0.0068770446605298,
2017-02-16,0.006890982766873,
2017-02-17,0.0069192222761009,
2017-02-20,0.0069812509057997,
2017-02-21,0.0063500224810771,
2017-02-22,0.0063369568661794,
2017-02-23,0.0061330119147691,
2017-02-27,0.0056375094632547,
2017-02-28,0.0056475379566725,
2017-03-01,0.0057746337859775,
2017-03-02,0.0055377329831006,
2017-03-03,0.0041380312936499,
2017-03-06,0.0043642398937341,
2017-03-07,0.0044152259466821,
2017-03-08,0.0042775373403972,
2017-03-09,0.0041594915170935,
2017-03-10,0.0041557741789818,
2017-03-14,0.0054329090637647,
2017-03-15,0.0054484034556251,
2017-03-16,0.0056028100560113,
2017-03-17,0.0055590838104939,
2017-03-20,0.0052675262273014,
2017-03-21,0.0052188031653104,
2017-03-22,0.005765486450954,
2017-03-23,0.0057504524137134,
2017-03-24,0.0057378970535039,
2017-03-27,0.005987631258002,
2017-03-28,0.0061058309130308,
2017-03-29,0.0060178870736867,
2017-03-30,0.0059852094192871,
2017-03-31,0.0058382838762877,
2017-04-03,0.0057771359154616,
2017-04-05,0.0057632844961548,
2017-04-06,0.0056432116842812,
2017-04-07,0.005897421127584,
2017-04-10,0.0058766344576161,
2017-04-11,0.0059578773161514,
2017-04-12,0.0060665992900679,
2017-04-13,0.0051101487796769,
2017-04-17,0.0051206570655343,
2017-04-18,0.0049076855770131,
2017-04-19,0.0049029589598619,
2017-04-20,0.0049111299771792,
2017-04-21,0.0049272628090868,
2017-04-24,0.0049007225801543,
2017-04-25,0.0051318416335793,
2017-04-26,0.0051895985015189,
2017-04-27,0.0048754405954562,
2017-04-28,0.0049040927535877,
2017-05-02,0.0048319383722202,
2017-05-03,0.0048052623317034,
2017-05-04,0.0048970415821223,
2017-05-05,0.0050652660657374,
2017-05-08,0.0050691130842629,
2017-05-09,0.0050672744293258,
2017-05-10,0.0051815059002101,
2017-05-11,0.0051393241714902,
2017-05-12,0.0050710486449029,
2017-05-15,0.0050300949019646,
2017-05-16,0.0049166205569756,
2017-05-17,0.0048666224584183,
2017-05-18,0.0054141481732503,
2017-05-19,0.005413860958465,
2017-05-22,0.0053965664586032,
2017-05-23,0.0055693697038613,
2017-05-24,0.0051992526804285,
2017-05-25,0.0058656845067316,
2017-05-26,0.0060631566646986,
2017-05-29,0.0060413849169528,
2017-05-30,0.0059137912106506,
2017-05-31,0.0059282012577621,
2017-06-01,0.005933612570763,
2017-06-02,0.0059017305167946,
2017-06-05,0.0054884689121664,
2017-06-06,0.0056280814096362,
2017-06-07,0.0056248638917625,
2017-06-08,0.0053660864565817,
2017-06-09,0.0053696798702057,
2017-06-12,0.0055113419473279,
2017-06-13,0.0054632744886082,
2017-06-14,0.0052746025199145,
2017-06-15,0.0053678780434359,
2017-06-16,0.0048078443099662,
2017-06-19,0.0050005580154256,
2017-06-20,0.0050122367518371,
2017-06-21,0.0048375554013444,
2017-06-22,0.0047676612338951,
2017-06-23,0.0036982257442757,
2017-06-27,0.0034396044950535,
2017-06-28,0.0034422491316044,
2017-06-29,0.0034192803821979,
2017-06-30,0.0034579562179269,
2017-07-03,0.0041280929329827,
2017-07-04,0.0040308637697171,
2017-07-05,0.0040400894098346,
2017-07-06,0.0040351447603845,
2017-07-07,0.0039968479959225,
2017-07-10,0.0046155808702576,
2017-07-11,0.0046068151407225,
2017-07-12,0.0044260964976746,
2017-07-13,0.0046323175368311,
2017-07-14,0.0046514114995527,
2017-07-17,0.0044887312544465,
2017-07-18,0.0050554691163188,
2017-07-19,0.0050628849511893,
2017-07-20,0.0051215250895695,
2017-07-21,0.0051132704019531,
2017-07-24,0.0051606648258208,
2017-07-25,0.0049000631505696,
2017-07-26,0.0045474931656286,
2017-07-27,0.004463178289882,
2017-07-28,0.0045103483079603,
2017-07-31,0.0045791975508175,
2017-08-01,0.0042882163606878,
2017-08-02,0.0044331043155679,
2017-08-03,0.0048486847771272,
2017-08-04,0.0048880249992084,
2017-08-07,0.0048877286684876,
2017-08-08,0.0048812912607493,
2017-08-09,0.0051873713610786,
2017-08-10,0.0055466407965584,
2017-08-11,0.0057699465141652,
2017-08-14,0.0061263383753387,
2017-08-16,0.0065401639272782,
2017-08-17,0.0062141010154829,
2017-08-18,0.00618500914535,
2017-08-21,0.0064217817543377,
2017-08-22,0.0063407460869547,
2017-08-23,0.0065609891770523,
2017-08-24,0.0065642934766877,
2017-08-28,0.0065654953497221,
2017-08-29,0.0070128734710157,
2017-08-30,0.0073490276393577,
2017-08-31,0.0072417125013163,
2017-09-01,0.0073146234791715,
2017-09-04,0.0073937299797217,
2017-09-05,0.0073320795526704,
2017-09-06,0.0072517516945545,
2017-09-07,0.007265931012961,
2017-09-08,0.0070745962131393,
2017-09-11,0.0070643506173005,
2017-09-12,0.0069378727903521,
2017-09-13,0.0063585249657076,
2017-09-14,0.0061681837007087,
2017-09-15,0.0058117453957139,
2017-09-18,0.0059470114734206,
2017-09-19,0.005680546842016,
2017-09-20,0.0052333508671061,
2017-09-21,0.0052957397573703,
2017-09-22,0.0062584388360147,
2017-09-25,0.0066135047327082,
2017-09-26,0.0064894565713605,
2017-09-27,0.0066807670072625,
2017-09-28,0.0063987111228724,
2017-09-29,0.0063633035707149,
2017-10-03,0.0064477014295934,
2017-10-04,0.0064456501218807,
2017-10-05,0.0064042353615402,
2017-10-06,0.006674859191077,
2017-10-09,0.0066718359446838,
2017-10-10,0.0066947964555635,
2017-10-11,0.0065524309666663,
2017-10-12,0.0067360777784445,
2017-10-13,0.0068963981228041,
2017-10-16,0.007011888695264,
2017-10-17,0.0070099719286731,
2017-10-18,0.006899575133505,
2017-10-19,0.0070470601961112,
2017-10-23,0.0070927347678485,
2017-10-24,0.0070888563563871,
2017-10-25,0.006263985672908,
2017-10-26,0.0057812159199949,
2017-10-27,0.0058340363835286,
2017-10-30,0.0045477308250344,
2017-10-31,0.0047134038166697,
2017-11-01,0.0049806559300423,
2017-11-02,0.0049852690150437,
2017-11-03,0.0049394342039174,
2017-11-06,0.0048356863990703,
2017-11-07,0.0053012863551566,
2017-11-08,0.0054749089439983,
2017-11-09,0.0054693630513709,
2017-11-10,0.0053681714924076,
2017-11-13,0.0054148687919932,
2017-11-14,0.0052859026453479,
2017-11-15,0.0052918886630746,
2017-11-16,0.0057276035196849,
2017-11-17,0.005889319735889,
2017-11-20,0.0056911651545896,
2017-11-21,0.0056677339316259,
2017-11-22,0.0056596196771846,
2017-11-23,0.0053610185290878,
2017-11-24,0.0053324698942816,
2017-11-27,0.0053099341788161,
2017-11-28,0.0052869504476212,
2017-11-29,0.0052535569183988,
2017-11-30,0.0054803330390869,
2017-12-01,0.005845405425837,
2017-12-04,0.0057874210260704,
2017-12-05,0.0057797290011655,
2017-12-06,0.0056297527784484,
2017-12-07,0.0063039639465046,
2017-12-08,0.0066929662027119,
2017-12-11,0.0068023951767509,
2017-12-12,0.006709436705924,
2017-12-13,0.0067366202114806,
2017-12-14,0.0066607024327575,
2017-12-15,0.0065608726804018,
2017-12-18,0.0065033653420958,
2017-12-19,0.0066621223847184,
2017-12-20,0.0066686051203987,
2017-12-21,0.006667699426543,
2017-12-22,0.0067425450572609,
2017-12-26,0.0067358346762695,
2017-12-27,0.0068069140917759,
2017-12-28,0.0067778138297158,
2017-12-29,0.0068405060447408,
2018-01-02,0.0064323521027095,
2018-01-03,0.0058979440862896,
2018-01-04,0.0059701944159175,
2018-01-05,0.0059809445634963,
2018-01-08,0.0056364613987545,
2018-01-09,0.0052069167329919,
2018-01-10,0.0049365707296374,
2018-01-11,0.0048584980028752,
2018-01-12,0.0043499268660102,
2018-01-15,0.0041389284345654,
2018-01-16,0.0042863291945651,
2018-01-17,0.0043083214509596,
2018-01-18,0.0042444321430075,
2018-01-19,0.004245454529792,
2018-01-22,0.0042688706466795,
2018-01-23,0.0045873727722225,
2018-01-24,0.0045932366933191,
2018-01-25,0.0046710103078886,
2018-01-29,0.0044874832574458,
2018-01-30,0.0049328223424418,
2018-01-31,0.0049924735688155,
2018-02-01,0.0044318056285591,
2018-02-02,0.0072142149098259,
2018-02-05,0.0074663960767347,
2018-02-06,0.0082191369008317,
2018-02-07,0.0080940590449777,
2018-02-08,0.0083871962455975,
2018-02-09,0.0087439860511047,
2018-02-12,0.0089426115943954,
2018-02-14,0.0089346682675287,
2018-02-15,0.0088895683300862,
2018-02-16,0.0090402918132456,
2018-02-19,0.008866593438341,
2018-02-20,0.0088072946811631,
2018-02-21,0.0086531286604816,
2018-02-22,0.0084211663035084,
2018-02-23,0.008399604519804,
2018-02-26,0.0087392160635992,
2018-02-27,0.0087380831779993,
2018-02-28,0.0085842018553495,
2018-03-01,0.0085242146182702,
2018-03-05,0.008655311838622,
2018-03-06,0.0087990949097054,
2018-03-07,0.0076465432612974,
2018-03-08,0.0079039605043506,
2018-03-09,0.0072268131999141,
2018-03-12,0.0084462311700108,
2018-03-13,0.0081490950402364,
2018-03-14,0.0077620520289778,
2018-03-15,0.0075841688206559,
2018-03-16,0.0082673881908183,
2018-03-19,0.0083619979513368,
2018-03-20,0.0082801085374387,
2018-03-21,0.0082342063296856,
2018-03-22,0.0082585599676976,
2018-03-23,0.0084863382305851,
2018-03-26,0.0091001100414264,
2018-03-27,0.0088402224480736,
2018-03-28,0.0086019054999922,
2018-04-02,0.0089773209684811,
2018-04-03,0.0089802503912428,
2018-04-04,0.0092502565619854,
2018-04-05,0.0100958983194696,
2018-04-06,0.0098062497867456,
2018-04-09,0.0095860610167284,
2018-04-10,0.0094313486182587,
2018-04-11,0.0094177213531473,
2018-04-12,0.0085150736778579,
2018-04-13,0.0085252530896917,
2018-04-16,0.0085650011497608,
2018-04-17,0.0084780229916847,
2018-04-18,0.0075868675013047,
2018-04-19,0.0071260079863559,
2018-04-20,0.0071405161947868,
2018-04-23,0.0071366693407486,
2018-04-24,0.0070053634436682,
2018-04-25,0.0064303054920483,
2018-04-26,0.0059827941263507,
2018-04-27,0.0060380677077807,
2018-04-30,0.0056638776812451,
2018-05-02,0.0055336830231728,
2018-05-03,0.0056747286044381,
2018-05-04,0.005110094091962,
2018-05-07,0.0037140534172076,
2018-05-08,0.0037214269297678,
2018-05-09,0.0036656535151997,
2018-05-10,0.0037633529570346,
2018-05-11,0.0040567824902605,
2018-05-14,0.0040401426870309,
2018-05-15,0.0040611065482664,
2018-05-16,0.0042740156480715,
2018-05-17,0.0044878110615727,
2018-05-18,0.0048452354040256,
2018-05-21,0.0050688847316269,
2018-05-22,0.0050899893463631,
2018-05-23,0.005510462581458,
2018-05-24,0.0057837003739761,
2018-05-25,0.0060435356170514,
2018-05-28,0.0062068713065825,
2018-05-29,0.0061205425208426,
2018-05-30,0.0060334699198706,
2018-05-31,0.0065600612036387,
2018-06-01,0.0065640151726945,
2018-06-04,0.0065911544358677,
2018-06-05,0.0062873228685345,
2018-06-06,0.0065967987580353,
2018-06-07,0.0068060482912804,
2018-06-08,0.0067829563616483,
2018-06-11,0.0065361800494224,
2018-06-12,0.0066361547921165,
2018-06-13,0.006638974898235,
2018-06-14,0.0065926670380664,
2018-06-15,0.0064601392774668,
2018-06-18,0.0061720728495995,
2018-06-19,0.006226301255309,
2018-06-20,0.006313667081194,
2018-06-21,0.0058515344218284,
2018-06-22,0.0058252403780822,
2018-06-25,0.0057601185353678,
2018-06-26,0.0055231368024297,
2018-06-27,0.0057808303043764,
2018-06-28,0.0060227007592111,
2018-06-29,0.0060560224381208,
2018-07-02,0.0061140374463343,
2018-07-03,0.0060071852712644,
2018-07-04,0.0060919749527091,
2018-07-05,0.0058440689812088,
2018-07-06,0.0056055907915254,
2018-07-09,0.0058334303139014,
2018-07-10,0.0061028513303665,
2018-07-11,0.0060170191794871,
2018-07-12,0.0061740410115613,
2018-07-13,0.0060646991245817,
2018-07-16,0.0063353810634805,
2018-07-17,0.0064438841197254,
2018-07-18,0.0061462455223129,
2018-07-19,0.0060945495004995,
2018-07-20,0.0060935303944426,
2018-07-23,0.0060571659627175,
2018-07-24,0.0058986379439557,
2018-07-25,0.0059083956445498,
2018-07-26,0.0053810200289159,
2018-07-27,0.0051281963582826,
2018-07-30,0.0047258151251298,
2018-07-31,0.0043608770070664,
2018-08-01,0.0044370378577749,
2018-08-02,0.0050355570534141,
2018-08-03,0.0052546113577359,
2018-08-06,0.0052538804581883,
2018-08-07,0.0051607350397801,
2018-08-08,0.0050036457772329,
2018-08-09,0.0049826168624518,
2018-08-10,0.0050202848531068,
2018-08-13,0.0053152027504849,
2018-08-14,0.0050315056700419,
2018-08-16,0.0051184243019418,
2018-08-17,0.0051818404891845,
2018-08-20,0.0051955735348762,
2018-08-21,0.0051709094555536,
2018-08-23,0.0050783676452183,
2018-08-24,0.0051314812129745,
2018-08-27,0.0055345569471973,
2018-08-28,0.0055434019705654,
2018-08-29,0.0054278869634522,
2018-08-30,0.0054469718773063,
2018-08-31,0.0054367455043214,
2018-09-03,0.0058267636307911,
2018-09-04,0.0055651493965492,
2018-09-05,0.0052493385844187,
2018-09-06,0.0053371384815102,
2018-09-07,0.0054027387179871,
2018-09-10,0.0060910288673904,
2018-09-11,0.0067161186966654,
2018-09-12,0.0069033511010584,
2018-09-14,0.0072955831217002,
2018-09-17,0.0076428888920437,
2018-09-18,0.0078172925587437,
2018-09-19,0.0076326754379579,
2018-09-21,0.0075532550760336,
2018-09-24,0.0081117770940298,
2018-09-25,0.0084718702982341,
2018-09-26,0.0084742952355861,
2018-09-27,0.0079206334959761,
2018-09-28,0.0077604499591776,
2018-10-01,0.0080883319002492,
2018-10-03,0.0084155158801888,
2018-10-04,0.0094904277575365,
2018-10-05,0.0106604560974561,
2018-10-08,0.0108234608593318,
2018-10-09,0.0108199634873915,
2018-10-10,0.0115071524687519,
2018-10-11,0.0118833277516846,
2018-10-12,0.0133139216703076,
2018-10-15,0.0132543551605923,
2018-10-16,0.0132376015941021,
2018-10-17,0.0128414362458044,
2018-10-19,0.012920910485805,
2018-10-22,0.0128907585956166,
2018-10-23,0.0129369559061768,
2018-10-24,0.013192313709544,
2018-10-25,0.0129855596307792,
2018-10-26,0.0126917334893401,
2018-10-29,0.0139372908681877,
2018-10-30,0.0139213526666316,
2018-10-31,0.0147071824074822,
2018-11-01,0.0145530368178721,
2018-11-02,0.0149076291161952,
2018-11-05,0.0139746027214703,
2018-11-06,0.0125642174149001,
2018-11-07,0.0126145510025525,
2018-11-09,0.0125604953896905,
2018-11-12,0.0123515433274223,
2018-11-13,0.0114327662770592,
2018-11-14,0.0103326583896906,
2018-11-15,0.0103326643690069,
2018-11-16,0.0103121997894558,
2018-11-19,0.0099765949893494,
2018-11-20,0.0096699541475466,
2018-11-21,0.0096556048517629,
2018-11-22,0.009514120517793,
2018-11-26,0.00958491860013,
2018-11-27,0.0092272216839444,
2018-11-28,0.0088112626285055,
2018-11-29,0.0080035709616467,
2018-11-30,0.0078042831183512,
2018-12-03,0.0069913028767248,
2018-12-04,0.0070075112911988,
2018-12-05,0.006531112675939,
2018-12-06,0.0075963180551399,
2018-12-07,0.0078119143773739,
2018-12-10,0.0088327251214964,
2018-12-11,0.0089350780392727,
2018-12-12,0.009454015920814,
2018-12-13,0.0093042227382636,
2018-12-14,0.0092979235045942,
2018-12-17,0.0093925110606978,
2018-12-18,0.0093259726068376,
2018-12-19,0.0092601962652233,
2018-12-20,0.0089386837995378,
2018-12-21,0.0098175170958737,
2018-12-24,0.0098815751757076,
2018-12-26,0.0097527543352039,
2018-12-27,0.0097362733427591,
2018-12-28,0.0098260879950536,
2018-12-31,0.0094693847631467,
2019-01-02,0.0095645417519127,
2019-01-03,0.0098470253354092,
2019-01-04,0.0099352049639901,
2019-01-07,0.0098373790003894,
2019-01-08,0.0090489779104664,
2019-01-09,0.0089224062012183,
2019-01-10,0.0077146337788451,
2019-01-11,0.0076954148615236,
2019-01-14,0.0067989561764392,
2019-01-15,0.0073693471053031,
2019-01-16,0.0073666672467978,
2019-01-17,0.0071819688830512,
2019-01-18,0.0071703040438661,
2019-01-21,0.007158075677494,
2019-01-22,0.0071943770255313,
2019-01-23,0.0062112061983473,
2019-01-24,0.0058786948848079,
2019-01-25,0.0059452988022257,
2019-01-28,0.0063396773500675,
2019-01-29,0.0060738357694629,
2019-01-30,0.006071449599156,
2019-01-31,0.0070400882246198,
2019-02-01,0.0066315916942221,
2019-02-04,0.0065655215672767,
2019-02-05,0.0065281725403598,
2019-02-06,0.0069417863321215,
2019-02-07,0.0068884511948291,
2019-02-08,0.0073562188386616,
2019-02-11,0.0074290551573922,
2019-02-12,0.0074274565528539,
2019-02-14,0.0069679336999811,
2019-02-15,0.0069708237192877,
2019-02-18,0.0071188836729774,
2019-02-19,0.0071287184619372,
2019-02-20,0.0076127975902355,
2019-02-21,0.0076989511881541,
2019-02-22,0.0074887095523892,
2019-02-25,0.0076995832394706,
2019-02-26,0.0076185478599415,
2019-02-27,0.007201286373005,
2019-02-28,0.0072064764860291,
2019-03-01,0.0073190539398669,
2019-03-05,0.0068210698839258,
2019-03-06,0.0068277350580955,
2019-03-07,0.0068238790359104,
2019-03-08,0.0068405018095914,
2019-03-11,0.0068654628390989,
2019-03-12,0.0073027769827148,
2019-03-13,0.0067395212090211,
2019-03-14,0.0065742915529283,
2019-03-15,0.0064561604689205,
2019-03-18,0.005994866500534,
2019-03-19,0.0059115685431423,
2019-03-20,0.0054287649475638,
2019-03-22,0.0055888189952226,
2019-03-25,0.0058733249586041,
2019-03-26,0.0061515263403706,
2019-03-27,0.0062772339127984,
2019-03-28,0.0064183649398762,
2019-04-01,0.0063164205489211,
2019-04-02,0.0061557770450559,
2019-04-03,0.0064254940424302,
2019-04-04,0.0065921682037802,
2019-04-05,0.0063537194452221,
2019-04-08,0.0065497589199513,
2019-04-09,0.006577650482149,
2019-04-10,0.0068724155171775,
2019-04-11,0.0065101210597511,
2019-04-12,0.006117657906003,
2019-04-15,0.0061262153276429,
2019-04-16,0.0062931576017036,
2019-04-18,0.0062416986859015,
2019-04-22,0.0070179945942508,
2019-04-23,0.0069134082505854,
2019-04-24,0.0074396939200471,
2019-04-25,0.0075184622393076,
2019-04-26,0.0074081609988087,
2019-04-30,0.0070806786203721,
2019-05-02,0.007044856785134,
2019-05-03,0.0066950965628575,
2019-05-06,0.0067995734920485,
2019-05-07,0.0069691440946681,
2019-05-08,0.0073151509453995,
2019-05-09,0.0073408080674978,
2019-05-10,0.0071602996808549,
2019-05-13,0.0074529920647604,
2019-05-14,0.0074966587756037,
2019-05-15,0.0074407297932859,
2019-05-16,0.0077817777989214,
2019-05-17,0.0083436082701182,
2019-05-20,0.0116269394886382,
2019-05-21,0.011710389289,
2019-05-22,0.0117094132910872,
2019-05-23,0.0114119868347868,
2019-05-24,0.0118994370346181,
2019-05-27,0.0116690383597945,
2019-05-28,0.0115250178113796,
2019-05-29,0.0114458880343884,
2019-05-30,0.0115351962823398,
2019-05-31,0.0115344999398967,
2019-06-03,0.0118661427221991,
2019-06-04,0.0116996515958258,
2019-06-06,0.0120494723473289,
2019-06-07,0.0116441750377902,
2019-06-10,0.0115348461815912,
2019-06-11,0.0114884958933314,
2019-06-12,0.0111554962216947,
2019-06-13,0.0111384379010695,
2019-06-14,0.0112166142070184,
2019-06-17,0.0116185383134498,
2019-06-18,0.0113154211057264,
2019-06-19,0.0079658993619909,
2019-06-20,0.0080937492809843,
2019-06-21,0.0083450165617834,
2019-06-24,0.0082121947472189,
2019-06-25,0.0076261083338691,
2019-06-26,0.0075317518288349,
2019-06-27,0.0075303893675093,
2019-06-28,0.0074915619564676,
2019-07-01,0.007461367887117,
2019-07-02,0.0075031525464661,
2019-07-03,0.0068041320722744,
2019-07-04,0.0067429424120711,
2019-07-05,0.0063987325948686,
2019-07-08,0.0078977091558507,
2019-07-09,0.0077964241933161,
2019-07-10,0.007740673882133,
2019-07-11,0.0079556698457947,
2019-07-12,0.0079473047478292,
2019-07-15,0.0078751678308195,
2019-07-16,0.0075324787503703,
2019-07-17,0.0075385549771475,
2019-07-18,0.0077266493954689,
2019-07-19,0.0078524280603315,
2019-07-22,0.0077450156699096,
2019-07-23,0.0077441930108946,
2019-07-24,0.0074483483364911,
2019-07-25,0.0073004015411664,
2019-07-26,0.0073816038811046,
2019-07-29,0.0074911782401978,
2019-07-30,0.0073369051914131,
2019-07-31,0.0072997260341598,
2019-08-01,0.0075096801583527,
2019-08-02,0.0074724214444153,
2019-08-05,0.007520592697744,
2019-08-06,0.0067797373041787,
2019-08-07,0.0068760960987219,
2019-08-08,0.0080221593930609,
2019-08-09,0.0080048147259534,
2019-08-13,0.0086246754908295,
2019-08-14,0.0089409631804134,
2019-08-16,0.0087678937144733,
2019-08-19,0.0087321337847144,
2019-08-20,0.0086551872702214,
2019-08-21,0.0082761670559137,
2019-08-22,0.0088024364387564,
2019-08-23,0.0091095923134737,
2019-08-26,0.0103633778160535,
2019-08-27,0.0104227352358059,
2019-08-28,0.0104395465753714,
2019-08-29,0.0104552902019903,
2019-08-30,0.0104091230096397,
2019-09-03,0.0112824357498885,
2019-09-04,0.0110495375708614,
2019-09-05,0.0110405016509236,
2019-09-06,0.0108934608319883,
2019-09-09,0.0108169090256959,
2019-09-11,0.0106413994938935,
2019-09-12,0.010095483413091,
2019-09-13,0.0101526659495874,
2019-09-16,0.0095506152402521,
2019-09-17,0.0100252593802859,
2019-09-18,0.0100317288865377,
2019-09-19,0.0103427740400836,
2019-09-20,0.0155527495036018,
2019-09-23,0.0164632794237408,
2019-09-24,0.0158965639650195,
2019-09-25,0.0162534691940602,
2019-09-26,0.0158468788445188,
2019-09-27,0.0159160360651473,
2019-09-30,0.0158768215835016,
2019-10-01,0.0159171507465153,
2019-10-03,0.0159209643189348,
2019-10-04,0.0154475180277918,
2019-10-07,0.015487683540484,
2019-10-09,0.0158462506188286,
2019-10-10,0.0158765962315443,
2019-10-11,0.0158916764218771,
2019-10-14,0.0158929383510271,
2019-10-15,0.0158862010563411,
2019-10-16,0.0158188295958233,
2019-10-17,0.0158177418170443,
2019-10-18,0.0151885135757034,
2019-10-22,0.0153400558700184,
2019-10-23,0.0149183357072413,
2019-10-24,0.0101092779858547,
2019-10-25,0.007956101321848,
2019-10-29,0.008811674610593,
2019-10-30,0.0082692180616914,
2019-10-31,0.0079708875727499,
2019-11-01,0.0078380894839747,
2019-11-04,0.0077779555219532,
2019-11-05,0.0073479805817115,
2019-11-06,0.0072108148755291,
2019-11-07,0.006333167027373,
2019-11-08,0.0066629063809355,
2019-11-11,0.0059283952100241,
2019-11-13,0.0058640430608196,
2019-11-14,0.0058011234965457,
2019-11-15,0.0057982216931305,
2019-11-18,0.0057013546711471,
2019-11-19,0.0057283469912135,
2019-11-20,0.0054239073055591,
2019-11-21,0.0053806966891553,
2019-11-22,0.0052673953101586,
2019-11-25,0.0058791329320668,
2019-11-26,0.0059203745159031,
2019-11-27,0.0059508913621497,
2019-11-28,0.0048503218637839,
2019-11-29,0.005186099508213,
2019-12-02,0.0051754671392683,
2019-12-03,0.0052951944430421,
2019-12-04,0.0052888816869987,
2019-12-05,0.0052898324978725,
2019-12-06,0.0055280641550221,
2019-12-09,0.005463900951138,
2019-12-10,0.0053319050751611,
2019-12-11,0.0054287539296535,
2019-12-12,0.0053502918778022,
2019-12-13,0.0056883086918629,
2019-12-16,0.0057340107456668,
2019-12-17,0.0060135576410862,
2019-12-18,0.0060129267313427,
2019-12-19,0.0059680616454571,
2019-12-20,0.0059114537334245,
2019-12-23,0.0057848767354754,
2019-12-24,0.005203068105836,
2019-12-26,0.0054249619311231,
2019-12-27,0.0057136999834138,
2019-12-30,0.0056548688406045,
2019-12-31,0.0056055253908317,
2020-01-01,0.0056017631568708,
2020-01-02,0.0057135352859439,
2020-01-03,0.0057997552388545,
2020-01-06,0.0072501626549401,
2020-01-07,0.0070889718299651,
2020-01-08,0.0071122911949229,
2020-01-09,0.0076583816981453,
2020-01-10,0.0076394682344641,
2020-01-13,0.0076599806124303,
2020-01-14,0.007437694729334,
2020-01-15,0.0074121553995732,
2020-01-16,0.0071797466910298,
2020-01-17,0.0071258812518728,
2020-01-20,0.0074801687656362,
2020-01-21,0.0075341757627069,
2020-01-22,0.0076064111163411,
2020-01-23,0.0076994750021312,
2020-01-24,0.0076153999246572,
2020-01-27,0.0076689541500387,
2020-01-28,0.0077304073907855,
2020-01-29,0.0077250150305431,
2020-01-30,0.0078924822353008,
2020-01-31,0.0077165461188721,
2020-02-03,0.0088753113022394,
2020-02-04,0.0095373829902514,
2020-02-05,0.0096871931541464,
2020-02-06,0.0097059244159771,
2020-02-07,0.0090755059585189,
2020-02-10,0.0090963913874687,
2020-02-11,0.0091122253168151,
2020-02-12,0.0092736639784237,
2020-02-13,0.0092778688608355,
2020-02-14,0.0093176460092981,
2020-02-17,0.0093707978936322,
2020-02-18,0.0091660343289338,
2020-02-19,0.0094853868571309,
2020-02-20,0.0094520203825118,
2020-02-24,0.0103734253182345,
2020-02-25,0.0102524152050765,
2020-02-26,0.01023405290659,
2020-02-27,0.0102154109416891,
2020-02-28,0.0127240244514051,
2020-03-02,0.0127040939626497,
2020-03-03,0.0133382129639169,
2020-03-04,0.0126405241372848,
2020-03-05,0.0113337670218474,
2020-03-06,0.011962955784833,
2020-03-09,0.0153834771056211,
2020-03-11,0.0154565250415041,
2020-03-12,0.0232594113484616,
2020-03-13,0.0252981590331498,
2020-03-16,0.0291814379591461,
2020-03-17,0.0291719589832508,
2020-03-18,0.0305084141279151,
2020-03-19,0.0304331230220883,
2020-03-20,0.0344483695802343,
2020-03-23,0.0432182454261961,
2020-03-24,0.0442610264590558,
2020-03-25,0.0479872453989811,
2020-03-26,0.0493939760331504,
2020-03-27,0.0495254271504989,
2020-03-30,0.0499001240973021,
2020-03-31,0.0509645921936,
2020-04-01,0.051306067794744,
2020-04-03,0.0508724602852332,
2020-04-07,0.0553403126950345,
2020-04-08,0.0552797689213717,
2020-04-09,0.056356084017266,
2020-04-13,0.0555733304593147,
2020-04-15,0.0555444637449198,
2020-04-16,0.0525588171690141,
2020-04-17,0.0523000228776675,
2020-04-20,0.0493354860481648,
2020-04-21,0.0494892708359546,
2020-04-22,0.0479131700524652,
2020-04-23,0.0475037289274346,
2020-04-24,0.0462595830884542,
2020-04-27,0.0330764709015323,
2020-04-28,0.0328926002995732,
2020-04-29,0.0304646363228264,
2020-04-30,0.0301558501159122,
2020-05-04,0.0333722612519045,
2020-05-05,0.0316733917986404,
2020-05-06,0.0307967104911933,
2020-05-07,0.0292174619160052,
2020-05-08,0.0286053757636852,
2020-05-11,0.0224281023871952,
2020-05-12,0.022422878760813,
2020-05-13,0.0210765155415511,
2020-05-14,0.0217007324414844,
2020-05-15,0.0216183042899879,
2020-05-18,0.0229335084897804,
2020-05-19,0.021895795768296,
2020-05-20,0.0224611057947085,
2020-05-21,0.0214202942245285,
2020-05-22,0.0208735565734917,
2020-05-26,0.0206091063290131,
2020-05-27,0.0214472324886625,
2020-05-28,0.0216162452578924,
2020-05-29,0.0215932334817397,
2020-06-01,0.0219304335537196,
2020-06-02,0.0210840636000349,
2020-06-03,0.016070282343754,
2020-06-04,0.0158680341197836,
2020-06-05,0.0159326213228995,
2020-06-08,0.0156999226101419,
2020-06-09,0.0161145872678553,
2020-06-10,0.0160803460852888,
2020-06-11,0.016940158947179,
2020-06-12,0.0165355772292318,
2020-06-15,0.015794759495029,
2020-06-16,0.0158334536626283,
2020-06-17,0.0132512376044362,
2020-06-18,0.0136871517368675,
2020-06-19,0.0134273898841756,
2020-06-22,0.0134239581457262,
2020-06-23,0.0132135137061091,
2020-06-24,0.0140395888593423,
2020-06-25,0.0129120110061577,
2020-06-26,0.0125621489098339,
2020-06-29,0.0127279834966649,
2020-06-30,0.0117274815594322,
2020-07-01,0.0115714815171028,
2020-07-02,0.0116833831073166,
2020-07-03,0.0116304920456849,
2020-07-06,0.0117789678087162,
2020-07-07,0.0117791941238942,
2020-07-08,0.011596133739585,
2020-07-09,0.0116678138316768,
2020-07-10,0.0103910054994595,
2020-07-13,0.0103669273068087,
2020-07-14,0.0105823718739736,
2020-07-15,0.0104907944415361,
2020-07-16,0.0105204155400914,
2020-07-17,0.0100984311509897,
2020-07-20,0.0099085336133785,
2020-07-21,0.0100902654955552,
2020-07-22,0.0098172992462056,
2020-07-23,0.0088481150207222,
2020-07-24,0.008858162013864,
2020-07-27,0.0090148486710491,
2020-07-28,0.0090481065047664,
2020-07-29,0.009423148827019,
2020-07-30,0.009627954929983,
2020-07-31,0.0094893723552852,
2020-08-03,0.0103080094253448,
2020-08-04,0.0105919298239813,
2020-08-05,0.0105843804282623,
2020-08-06,0.0104439350929093,
2020-08-07,0.0102881049128497,
2020-08-10,0.010218145126934,
2020-08-11,0.0102300980583278,
2020-08-12,0.0091426376020057,
2020-08-13,0.0091694661908557,
2020-08-14,0.0094285383595431,
2020-08-17,0.0090053995325646,
2020-08-18,0.0090737389286128,
2020-08-19,0.0087140932209648,
2020-08-20,0.0089269333997723,
2020-08-21,0.0088581813813262,
2020-08-24,0.0089897932055015,
2020-08-25,0.0088591093641962,
2020-08-26,0.0083935970697018,
2020-08-27,0.0080940508522001,
2020-08-28,0.0078226801913225,
2020-08-31,0.0094855466314971,
2020-09-01,0.0086237828877781,
2020-09-02,0.007847141280541,
2020-09-03,0.0078617264852023,
2020-09-04,0.008676780799005,
2020-09-07,0.0086803095504988,
2020-09-08,0.0086594340187199,
2020-09-09,0.008632683159401,
2020-09-10,0.0092451818438567,
2020-09-11,0.0092416014761644,
2020-09-14,0.0088858202128164,
2020-09-15,0.0089165088750357,
2020-09-16,0.0086673205669241,
2020-09-17,0.0088600575680621,
2020-09-18,0.00863090879256,
2020-09-21,0.0099261030442501,
2020-09-22,0.0098625677331286,
2020-09-23,0.0098544472191148,
2020-09-24,0.0114328072397062,
2020-09-25,0.0127073368229618,
2020-09-28,0.0131477166229025,
2020-09-29,0.0122505374003143,
2020-09-30,0.0121366206385,
2020-10-01,0.0125518857567537,
2020-10-05,0.012673273540536,
2020-10-06,0.0124000940145407,
2020-10-07,0.0124513300915815,
2020-10-08,0.0124762908263621,
2020-10-09,0.0124452112797013,
2020-10-12,0.012114152058068,
2020-10-13,0.0121189338455703,
2020-10-14,0.0120852066758543,
2020-10-15,0.0133488040970733,
2020-10-16,0.0133451407377273,
2020-10-19,0.0133327222435584,
2020-10-20,0.0133214866926675,
2020-10-21,0.0121389404896804,
2020-10-22,0.0119448791882613,
2020-10-23,0.0118896761053608,
2020-10-26,0.0100312909389829,
2020-10-27,0.0092418693337079,
2020-10-28,0.0094920317685012,
2020-10-29,0.0096048218781328,
2020-10-30,0.009649816774392,
2020-11-02,0.0091600648252262,
2020-11-03,0.0093847617991857,
2020-11-04,0.009082965876596,
2020-11-05,0.0097215675808105,
2020-11-06,0.0098756545788717,
2020-11-09,0.0103085868764762,
2020-11-10,0.0106021881311204,
2020-11-11,0.0106813139591159,
2020-11-12,0.0108138738986248,
2020-11-13,0.0088200526742853,
2020-11-17,0.0089718459332063,
2020-11-18,0.0088989126223027,
2020-11-19,0.00964209776204,
2020-11-20,0.0096712564341622,
2020-11-23,0.0095418827148994,
2020-11-24,0.0096249300115445,
2020-11-25,0.0097660502747263,
2020-11-26,0.0097559770193021,
2020-11-27,0.0089813339598081,
2020-12-01,0.0087771860361832,
2020-12-02,0.0086708360013634,
2020-12-03,0.0086871750411815,
2020-12-04,0.0085997295302513,
2020-12-07,0.0085907940779917,
2020-12-08,0.0081383929879361,
2020-12-09,0.0080756969093957,
2020-12-10,0.0078400108102727,
2020-12-11,0.0075115619760445,
2020-12-14,0.0073814150614489,
2020-12-15,0.0071998812281418,
2020-12-16,0.0072860050172281,
2020-12-17,0.0070205701298807,
2020-12-18,0.0070159278431458,
2020-12-21,0.0098205869025615,
2020-12-22,0.0099339426596161,
2020-12-23,0.010059025522503,
2020-12-24,0.0100954609167321,
2020-12-28,0.0093309324518634,
2020-12-29,0.009219804810314,
2020-12-30,0.0091556845546096,
2020-12-31,0.0090350265937388,
2021-01-01,0.0090145424216856,
2021-01-04,0.0090691332666072,
2021-01-05,0.0089719409688534,
2021-01-06,0.0090473237772035,
2021-01-07,0.009077075857379,
2021-01-08,0.0093218515765361,
2021-01-11,0.0093058184461592,
2021-01-12,0.0093137556120295,
2021-01-13,0.0093444331583672,
2021-01-14,0.0093292672075783,
2021-01-15,0.009777506053426,
2021-01-18,0.0101779748907544,
2021-01-19,0.0106775783218217,
2021-01-20,0.0072431891240361,
2021-01-21,0.007326255557888,
2021-01-22,0.0082559056442494,
2021-01-25,0.0084221700201908,
2021-01-27,0.0093930575243802,
2021-01-28,0.0096481908910224,
2021-01-29,0.0100001156618727,
2021-02-01,0.0144145365891643,
2021-02-02,0.0153636462323853,
2021-02-03,0.0153972162836571,
2021-02-04,0.0154261857427945,
2021-02-05,0.0153647375164747,
2021-02-08,0.0155032030592562,
2021-02-09,0.0152899910472074,
2021-02-10,0.0152120974191067,
2021-02-11,0.0152023754772692,
2021-02-12,0.0152078823764086,
2021-02-15,0.0153083693826178,
2021-02-16,0.015009924520893,
2021-02-17,0.0148632616894722,
2021-02-18,0.0146410348822956,
2021-02-19,0.0147502019734691,
2021-02-22,0.0154702572768433,
2021-02-23,0.0150664949862649,
2021-02-24,0.0153246945128143,
2021-02-25,0.0145267138894869,
2021-02-26,0.0169465399682258,
2021-03-01,0.0167893244359644,
2021-03-02,0.0138075153300735,
2021-03-03,0.0135162217870753,
2021-03-04,0.013669091669423,
2021-03-05,0.0137734605350462,
2021-03-08,0.0137697481444448,
2021-03-09,0.0136366733244907,
2021-03-10,0.0136814472435714,
2021-03-12,0.0138456130300195,
2021-03-15,0.0138728501722645,
2021-03-16,0.0138732552164741,
2021-03-17,0.0138793585634343,
2021-03-18,0.0140175261121752,
2021-03-19,0.0143533300691747,
2021-03-22,0.0143179213054614,
2021-03-23,0.0142659816890916,
2021-03-24,0.0140951145205964,
2021-03-25,0.014458407894997,
2021-03-26,0.0141130657272016,
2021-03-30,0.0149840186622474,
2021-03-31,0.0125215111788688,
2021-04-01,0.0123089603459807,
2021-04-05,0.0125395357468573,
2021-04-06,0.0114802075177425,
2021-04-07,0.0115211882811474,
2021-04-08,0.0113836139163892,
2021-04-09,0.0113904962570275,
2021-04-12,0.0135374686011361,
2021-04-13,0.0138936518803757,
2021-04-15,0.0138761214707389,
2021-04-16,0.0138455593763788,
2021-04-19,0.0143250246334233,
2021-04-20,0.0141194308359069,
2021-04-22,0.0140652264434334,
2021-04-23,0.0137553860551527,
2021-04-26,0.0139744268716459,
2021-04-27,0.0141756667203441,
2021-04-28,0.0139312142939252,
2021-04-29,0.0134038876916627,
2021-04-30,0.01382312824451,
2021-05-03,0.0128169488010337,
2021-05-04,0.0127804705453576,
2021-05-05,0.0126258109509052,
2021-05-06,0.0122703039987542,
2021-05-07,0.0123353393834185,
2021-05-10,0.0122961746905821,
2021-05-11,0.0123516892158463,
2021-05-12,0.012548620027467,
2021-05-14,0.0095686245508625,
2021-05-17,0.0097895631853092,
2021-05-18,0.0100478856920183,
2021-05-19,0.0101559041479699,
2021-05-20,0.0094442552909171,
2021-05-21,0.009954789604986,
2021-05-24,0.0098967335493735,
2021-05-25,0.0097755275941452,
2021-05-26,0.0096694754040268,
2021-05-27,0.009450934126411,
2021-05-28,0.0090914707685846,
2021-05-31,0.0092454650415775,
2021-06-01,0.0080669718824875,
2021-06-02,0.008069104730905,
2021-06-03,0.0075937842269438,
2021-06-04,0.0075945673590004,
2021-06-07,0.0075531516924385,
2021-06-08,0.0075566927753213,
2021-06-09,0.0077336624370065,
2021-06-10,0.0075452187784039,
2021-06-11,0.0069129633912546,
2021-06-14,0.0068569609340271,
2021-06-15,0.0061745397481966,
2021-06-16,0.0061038135492759,
2021-06-17,0.0060846358933552,
2021-06-18,0.0056444857953678,
2021-06-21,0.0044210134434507,
2021-06-22,0.0044205958577894,
2021-06-23,0.0046908031035843,
2021-06-24,0.0047155390659676,
2021-06-25,0.0047554026763011,
2021-06-28,0.004720136664174,
2021-06-29,0.0044491427024572,
2021-06-30,0.0044705291393788,
2021-07-01,0.0045209138398655,
2021-07-02,0.0042695827870448,
2021-07-05,0.004519365659421,
2021-07-06,0.0043988874141642,
2021-07-07,0.0044643715912401,
2021-07-08,0.0047343475544446,
2021-07-09,0.0045429338807804,
2021-07-12,0.0044485439708563,
2021-07-13,0.004770454356089,
2021-07-14,0.0047374734616673,
2021-07-15,0.0045960630188527,
2021-07-16,0.0044352980432813,
2021-07-19,0.0050945446440975,
2021-07-20,0.0052919683664627,
2021-07-22,0.0059510614058615,
2021-07-23,0.005820906225068,
2021-07-26,0.0056729470597008,
2021-07-27,0.0056846294619898,
2021-07-28,0.005674018620065,
2021-07-29,0.0056897065061713,
2021-07-30,0.0056802992448758,
2021-08-02,0.0058743266710135,
2021-08-03,0.0066896744999756,
2021-08-04,0.0067269963168196,
2021-08-05,0.0067091568631251,
2021-08-06,0.0067655245501479,
2021-08-09,0.0063092479522451,
2021-08-10,0.0062428934080964,
2021-08-11,0.0062434882446129,
2021-08-12,0.0061476499637758,
2021-08-13,0.0064129243741543,
2021-08-16,0.006388731801524,
2021-08-17,0.0063783528999421,
2021-08-18,0.0057839562370423,
2021-08-20,0.0057414785018655,
2021-08-23,0.0052898907556365,
2021-08-24,0.0054370954381698,
2021-08-25,0.005364638482401,
2021-08-26,0.0051274799474312,
2021-08-27,0.0050063432288025,
2021-08-30,0.0055024980605509,
2021-08-31,0.0057027890362101,
2021-09-01,0.0058438194675128,
2021-09-02,0.0053516424306206,
2021-09-03,0.0052627487760396,
2021-09-06,0.0052594007838703,
2021-09-07,0.0051283358313487,
2021-09-08,0.0051749371404417,
2021-09-09,0.0051832216881225,
2021-09-13,0.0052137881020973,
2021-09-14,0.0052042842431381,
2021-09-15,0.0050826977026328,
2021-09-16,0.0051356738564511,
2021-09-17,0.0052731369062868,
2021-09-20,0.0059354286707963,
2021-09-21,0.0057101066503002,
2021-09-22,0.0057760921298837,
2021-09-23,0.0063331510282152,
2021-09-24,0.0063142493085847,
2021-09-27,0.0063149895621626,
2021-09-28,0.0066316888687737,
2021-09-29,0.0062522198031641,
2021-09-30,0.0060395835785793,
2021-10-01,0.0061116342427824,
2021-10-04,0.0061010119877772,
2021-10-05,0.0061902846013036,
2021-10-06,0.0066432343456543,
2021-10-07,0.0068231418743405,
2021-10-08,0.0068872030044664,
2021-10-11,0.0068922317417611,
2021-10-12,0.00687373163956,
2021-10-13,0.0070738975110058,
2021-10-14,0.007153821704553,
2021-10-18,0.0071950460029188,
2021-10-19,0.007217568360629,
2021-10-20,0.0070130567206789,
2021-10-21,0.0069811768190902,
2021-10-22,0.0070510377355916,
2021-10-25,0.0062668258522489,
2021-10-26,0.0064523553080914,
2021-10-27,0.0065161045732934,
2021-10-28,0.0077937752122148,
2021-10-29,0.008127503226802,
2021-11-01,0.0086284712353868,
2021-11-02,0.0085599739732723,
2021-11-03,0.0084006258276664,
2021-11-04,0.0083141595234504,
2021-11-08,0.0081531370761417,
2021-11-09,0.0080062879562273,
2021-11-10,0.0079281048284529,
2021-11-11,0.0081071922503523,
2021-11-12,0.0085710127393759,
2021-11-15,0.0083142831497106,
2021-11-16,0.008092489637809,
2021-11-17,0.007915127965826,
2021-11-18,0.0080164790767479,
2021-11-22,0.008838923591632,
2021-11-23,0.0089545017909207,
2021-11-24,0.008975855335257,
2021-11-25,0.009167902861775,
2021-11-26,0.0107368241919446,
2021-11-29,0.0107915052603839,
2021-11-30,0.0101167604296037,
2021-12-01,0.0103283749532484,
2021-12-02,0.0102599678988512,
2021-12-03,0.0105093204202083,
2021-12-06,0.0109939486907825,
2021-12-07,0.0115802769545402,
2021-12-08,0.0120991002719019,
2021-12-09,0.0121354597864817,
2021-12-10,0.0121377797642076,
2021-12-13,0.0121433473104238,
2021-12-14,0.0117057619363138,
2021-12-15,0.0117211904312262,
2021-12-16,0.0117192800427639,
2021-12-17,0.0120575423914852,
2021-12-20,0.0127597477360907,
2021-12-21,0.0124456437519076,
2021-12-22,0.0126743924643337,
2021-12-23,0.0127750125635392,
2021-12-24,0.0126604718605774,
2021-12-27,0.0109624193104116,
2021-12-28,0.0111122714515593,
2021-12-29,0.0110684979127576,
2021-12-30,0.010824107712788,
2021-12-31,0.0105690243378784,
2022-01-03,0.0107387386894125,
2022-01-04,0.0100840776907074,
2022-01-05,0.009689139878664,
2022-01-06,0.0094006781811976,
2022-01-07,0.0094145563683543,
2022-01-10,0.0096505379192222,
2022-01-11,0.0094038164590261,
2022-01-12,0.0094601656834815,
2022-01-13,0.0092639342030412,
2022-01-14,0.0092821819863172,
2022-01-17,0.0083080530810998,
2022-01-18,0.0067825648048448,
2022-01-19,0.0072988027565954,
2022-01-20,0.0076256437774072,
2022-01-21,0.0078510228794675,
2022-01-24,0.0099624585375443,
2022-01-25,0.0100377745939043,
2022-01-27,0.0101006779613889,
2022-01-28,0.010099091210289,
2022-01-31,0.010558022583363,
2022-02-01,0.010801533948663,
2022-02-02,0.0105555791266784,
2022-02-03,0.0106651025775692,
2022-02-04,0.0105352232024211,
2022-02-07,0.0109630656101116,
2022-02-08,0.0109480310664716,
2022-02-09,0.0109880255226359,
2022-02-10,0.0111482243234586,
2022-02-11,0.0112036446741258,
2022-02-14,0.0127804077172186,
2022-02-15,0.014735456214633,
2022-02-16,0.0146871293178806,
2022-02-17,0.0145725399912873,
2022-02-18,0.0144705023473188,
2022-02-21,0.0143545681591263,
2022-02-22,0.0143295457671997,
2022-02-23,0.0130898693227911,
2022-02-24,0.0167171639155369,
2022-02-25,0.0176949573987124,
2022-02-28,0.017812900881847,
2022-03-02,0.0176188556263845,
2022-03-03,0.0172694761143797,
2022-03-04,0.0171375809806686,
2022-03-07,0.0175814143197924,
2022-03-08,0.0178514893908289,
2022-03-09,0.0183658493415795,
2022-03-10,0.0187332881113284,
2022-03-11,0.0185144465475982,
2022-03-14,0.018740559917041,
2022-03-15,0.0187177692807704,
2022-03-16,0.0179798580329997,
2022-03-17,0.0171903611073672,
2022-03-21,0.0173177883323366,
2022-03-22,0.0175155917141669,
2022-03-23,0.0175348903831129,
2022-03-24,0.0175142835121704,
2022-03-25,0.0174733690277604,
2022-03-28,0.017487327234688,
2022-03-29,0.0133465278813627,
2022-03-30,0.0124898674640287,
2022-03-31,0.0124501545064681,
2022-04-01,0.0122470140186035,
2022-04-04,0.0126773642584475,
2022-04-05,0.0120684070298646,
2022-04-06,0.0106245545745471,
2022-04-07,0.0110677706170654,
2022-04-08,0.0104935906342932,
2022-04-11,0.010393490391373,
2022-04-12,0.0106783162924066,
2022-04-13,0.0103845488381789,
2022-04-18,0.0107747770704918,
2022-04-19,0.0104380806470739,
2022-04-20,0.009882569222716,
2022-04-21,0.0101680337650239,
2022-04-22,0.0102651177692724,
2022-04-25,0.0105919613019752,
2022-04-26,0.0111012583777782,
2022-04-27,0.0112610346600153,
2022-04-28,0.0115487927321374,
2022-04-29,0.0116032100149045,
2022-05-02,0.011350047654913,
2022-05-04,0.0123273561273614,
2022-05-05,0.0119288880789771,
2022-05-06,0.0109082468993636,
2022-05-09,0.0109171769700129,
2022-05-10,0.0108838196734148,
2022-05-11,0.0108212898378485,
2022-05-12,0.0111370709118072,
2022-05-13,0.0111695545723595,
2022-05-16,0.0113245798778153,
2022-05-17,0.0131729112326241,
2022-05-18,0.0127811208369758,
2022-05-19,0.0136853245092544,
2022-05-20,0.0150883339641245,
2022-05-23,0.0145575504505198,
2022-05-24,0.0144081556034399,
2022-05-25,0.0142553475820691,
2022-05-26,0.0139729999601821,
2022-05-27,0.0142161578716797,
2022-05-30,0.0146132253568977,
2022-05-31,0.0145513856955621,
2022-06-01,0.0145595510136666,
2022-06-02,0.0137686416216053,
2022-06-03,0.0137787891924448,
2022-06-06,0.0132780581676313,
2022-06-07,0.0133599039459937,
2022-06-08,0.0133579164155753,
2022-06-09,0.0133952040274783,
2022-06-10,0.0129585529197746,
2022-06-13,0.0143166461238149,
2022-06-14,0.0142999272569228,
2022-06-15,0.0129681907221632,
2022-06-16,0.0136573861955295,
2022-06-17,0.0124935789938699,
2022-06-20,0.01052782199827,
2022-06-21,0.0115139713328023,
2022-06-22,0.0118256483724283,
2022-06-23,0.0120404665661073,
2022-06-24,0.0120473105794052,
2022-06-27,0.0119159785445325,
2022-06-28,0.0110044898761717,
2022-06-29,0.0109944623787728,
2022-06-30,0.0109919947588335,
2022-07-01,0.010817962576854,
2022-07-04,0.0109526929679537,
2022-07-05,0.0109496946284458,
2022-07-06,0.0112024644059526,
2022-07-07,0.0114013973842604,
2022-07-08,0.0113387160372675,
2022-07-11,0.0107173752995936,
2022-07-12,0.0091184642232682,
2022-07-13,0.0092010857516644,
2022-07-14,0.0091887875377101,
2022-07-15,0.0077473044773607,
2022-07-18,0.0080266857470011,
2022-07-19,0.0080272037635995,
2022-07-20,0.0074325963011013,
2022-07-21,0.0063207090205925,
2022-07-22,0.0062332880690141,
2022-07-25,0.0063682633989387,
2022-07-26,0.0067078686835041,
2022-07-27,0.0069063384151451,
2022-07-28,0.0074938813783304,
2022-07-29,0.0077310918024725,
2022-08-01,0.0077386921919052,
2022-08-02,0.0077918290829712,
2022-08-03,0.0076888695138664,
2022-08-04,0.0075978509359244,
2022-08-05,0.0075387336445725,
2022-08-08,0.0075727598508623,
2022-08-10,0.0075530739221151,
2022-08-11,0.0069155299492266,
2022-08-12,0.0065337500640629,
2022-08-16,0.0063669640136879,
2022-08-17,0.0063639981525509,
2022-08-18,0.0060995201839907,
2022-08-19,0.0070043642670125,
2022-08-22,0.0079572780549535,
2022-08-23,0.0079551686208152,
2022-08-24,0.0079009686685971,
2022-08-25,0.0078722094224085,
2022-08-26,0.0074313953111263,
2022-08-29,0.0081494982357195,
2022-08-30,0.0090769010841256,
2022-09-01,0.0092300866870402,
2022-09-02,0.0089722008523981,
2022-09-05,0.0090876626014127,
2022-09-06,0.0090852995766232,
2022-09-07,0.0090989502216535,
2022-09-08,0.0093174597237361,
2022-09-09,0.0092112771514349,
2022-09-12,0.0092732823997837,
2022-09-13,0.0092854114193962,
2022-09-14,0.0093387397697862,
2022-09-15,0.0093706589168937,
2022-09-16,0.0101726079140384,
2022-09-19,0.0102598030928009,
2022-09-20,0.0102918631335417,
2022-09-21,0.0097738149194509,
2022-09-22,0.0097946070314848,
2022-09-23,0.0104978326897012,
2022-09-26,0.0111383920584643,
2022-09-27,0.0111122612615787,
2022-09-28,0.0108688305387555,
2022-09-29,0.0089799859070235,
2022-09-30,0.0095840030293925,
2022-10-03,0.0098717574230014,
2022-10-04,0.0110797142768999,
2022-10-06,0.0111209527939657,
2022-10-07,0.0111191446516567,
2022-10-10,0.0108643408334506,
2022-10-11,0.0112205380970436,
2022-10-12,0.0113212320801846,
2022-10-13,0.0111333942467523,
2022-10-14,0.0114794155442672,
2022-10-17,0.0116041931990213,
2022-10-18,0.0110910062811167,
2022-10-19,0.0110310686507031,
2022-10-20,0.0107579891683738,
2022-10-21,0.010703784934616,
2022-10-24,0.0108268104537753,
2022-10-25,0.0101176485246819,
2022-10-27,0.0091511463810066,
2022-10-28,0.0091345259904759,
2022-10-31,0.0090474730267198,
2022-11-01,0.0089985584858491,
2022-11-02,0.0086320538939348,
2022-11-03,0.0080095074523344,
2022-11-04,0.006657574479586,
2022-11-07,0.0066755286464899,
2022-11-09,0.0067217946443491,
2022-11-10,0.0068872839874579,
2022-11-11,0.0064987196039271,
2022-11-14,0.0064926885760543,
2022-11-15,0.0061058015484032,
2022-11-16,0.0059716609736806,
2022-11-17,0.0060756336318661,
2022-11-18,0.0059176211990711,
2022-11-21,0.0063294959394021,
2022-11-22,0.0063562432918181,
2022-11-23,0.0063525442264151,
2022-11-24,0.0065504388551549,
2022-11-25,0.0063972812624925,
2022-11-28,0.0063767125554479,
2022-11-29,0.0063776607171856,
2022-11-30,0.0060504851393417,
2022-12-01,0.0059269392863507,
2022-12-02,0.0060756762204734,
2022-12-05,0.0060383888509803,
2022-12-06,0.0061099549450704,
2022-12-07,0.0061840512626619,
2022-12-08,0.006142512321271,
2022-12-09,0.0060760519849066,
2022-12-12,0.0047655316576261,
2022-12-13,0.004903285552663,
2022-12-14,0.0048686894170097,
2022-12-15,0.0057374392550118,
2022-12-16,0.0059499738721467,
2022-12-19,0.006210029978079,
2022-12-20,0.005932426933609,
2022-12-21,0.0062969049713393,
2022-12-22,0.0063423494166629,
2022-12-23,0.0067823759804974,
2022-12-26,0.0073591815696389,
2022-12-27,0.0075083475670649,
2022-12-28,0.007451529084596,
2022-12-29,0.0072736464212887,
2022-12-30,0.007235713799053,
2023-01-02,0.0073125723832592,
2023-01-03,0.0073391618754745,
2023-01-04,0.0076043379702584,
2023-01-05,0.0075821667969047,
2023-01-06,0.0076261874995864,
2023-01-09,0.0082624114770183,
2023-01-10,0.0085048160234008,
2023-01-11,0.0083315555331802,0.007918037474155426
2023-01-12,0.0082626952525715,0.008099986240267754
2023-01-13,0.0080064442308508,0.008228122256696224
2023-01-16,0.0078756308222628,0.008258004672825336
2023-01-17,0.0079093498962909,0.008208256214857101
2023-01-18,0.0080566611007571,0.008130954578518867
2023-01-19,0.0077792112195858,0.00806855596601963
2023-01-20,0.0077915837275942,0.007958561182022095
2023-01-23,0.0067389246559867,0.007849941961467266
2023-01-24,0.0062706837347807,0.007539324928075075
2023-01-25,0.0066901223563996,0.007116386201232672
2023-01-27,0.0075028930211183,0.006793203763663769
2023-01-30,0.0074650211246711,0.0067153205163776875
2023-01-31,0.0074401773776836,0.006747462321072817
2023-02-01,0.0073047480670857,0.0068463669158518314
2023-02-02,0.0072675633097279,0.006951978895813227
2023-02-03,0.0077071630474566,0.007048886269330978
2023-02-06,0.0077551476620923,0.007221070118248463
2023-02-07,0.0076118193905064,0.007400165311992168
2023-02-08,0.0072261899656856,0.00752336997538805
2023-02-09,0.0068761534581474,0.007525802124291658
2023-02-10,0.0068872176487716,0.007405410520732403
2023-02-13,0.0069514431437274,0.00724493945017457
2023-02-14,0.0071294668552721,0.007092460989952087
2023-02-15,0.0071608625025572,0.006996441632509232
2023-02-16,0.0068963517016075,0.006943650543689728
2023-02-17,0.0068255539932986,0.006870103068649769
2023-02-20,0.006890662557464,0.006799416616559029
2023-02-21,0.006837974966866,0.006756727118045092
2023-02-22,0.0074340081485629,0.006731600966304541
2023-02-23,0.0074285860073896,0.006844138260930777
2023-02-24,0.0070000594393536,0.00698636332526803
2023-02-27,0.0061470158721486,0.007039605639874935
2023-02-28,0.0061801838704891,0.006888167932629585
2023-03-01,0.0065058069130268,0.006686159875243902
2023-03-02,0.00666398735956,0.006541258655488491
2023-03-03,0.0075667059208326,0.006462591700255871
2023-03-06,0.0070614186940919,0.006605856586247683
2023-03-08,0.0070034208050348,0.006716212723404169
2023-03-09,0.0072779883067071,0.006814755965024233
2023-03-10,0.0072819640449762,0.006954153999686241
2023-03-13,0.0078434619960224,0.007085339166224003
2023-03-14,0.0079042973028993,0.007305694743990898
2023-03-15,0.0078952856145115,0.007529559079557657
2023-03-16,0.0075145891709432,0.007719016633927822
2023-03-17,0.0076202119270559,0.007783649489283562
2023-03-20,0.0076229192664516,0.007806025445461273
2023-03-21,0.0078959439216415,0.007788910064846277
2023-03-22,0.0079264974092347,0.00780171575024724
2023-03-23,0.0079419802517767,0.007820060476660728
2023-03-24,0.0074598292759727,0.00783545058220625
2023-03-27,0.0075096351857993,0.007750154472887516
2023-03-28,0.0075062094422338,0.007655815687030554
2023-03-29,0.0077254357623178,0.007567855063825846
2023-03-31,0.0085005682617048,0.007536111865192652
2023-04-03,0.0083023897821795,0.007686219643801451
2023-04-05,0.0083608799503059,0.007844187319278717
2023-04-06,0.0076450106084749,0.00800646748393774
2023-04-10,0.0075025264287856,0.008008258417248726
2023-04-11,0.007588828683435,0.007921683602035046
2023-04-12,0.0073592357358972,0.007812446914613247
2023-04-13,0.0069394149320654,0.0076511455699801445
2023-04-17,0.0061818292101505,0.00740294111892581
2023-04-18,0.0059866474220887,0.007008222863078117
2023-04-19,0.0059094323790751,0.006582282017916441
2023-04-20,0.0059142349593727,0.006193083245307207
2023-04-21,0.0058137637971586,0.005883737001568079
2023-04-24,0.0056213101646414,0.005648946389555931
2023-04-25,0.0055079092570922,0.005461791530251503
2023-04-26,0.0055072446898071,0.005323461722582579
2023-04-27,0.0053784266339593,0.005244360771030188
2023-04-28,0.0050110926726812,0.0051941960118710995
2023-05-02,0.0050193320390423,0.005103818606585264
2023-05-03,0.0050864797774668,0.005026102997362614
2023-05-04,0.0051655215600012,0.004978858400136232
2023-05-05,0.0050560311575412,0.00496519124135375
2023-05-08,0.0054129794513449,0.004954191856086254
2023-05-09,0.0052014159042771,0.005023473408073187
2023-05-10,0.0052032392264555,0.005076810717582703
2023-05-11,0.0052407146931369,0.00512500898912549
2023-05-12,0.0051706362738385,0.005169695243239403
2023-05-15,0.0051550377312135,0.005191927310079336
2023-05-16,0.0054198781604102,0.005199864041060209
2023-05-17,0.0053448885816756,0.005254311021417379
2023-05-18,0.0053528305346131,0.0052977073937654495
2023-05-19,0.0053196421936837,0.005334252491593361
2023-05-22,0.0054007032341551,0.005353798624128103
2023-05-23,0.0053840552296239,0.005378470756113529
2023-05-24,0.0053849172697897,0.0053953202441334724
2023-05-25,0.0053861171759417,0.005405872128903866
2023-05-26,0.0056757740894967,0.005410412326455116
2023-05-29,0.0056650803229154,0.0054687624797225
2023-05-30,0.005463371661295,0.005535491276532412
2023-05-31,0.0056096580042086,0.005557773634791374
2023-06-01,0.0055864685963914,0.005589837674051523
2023-06-02,0.0052853231428008,0.00560936750844121
2023-06-05,0.004664374529922,0.00556058157235384
2023-06-06,0.004140401500118,0.005366523750126362
2023-06-07,0.0043337743042165,0.005042741075158119
2023-06-08,0.004515875867474,0.004748168867081404
2023-06-09,0.0046141525348813,0.004534393548965454
2023-06-12,0.0046234566316784,0.00441008573397994
2023-06-13,0.0047004566949213,0.004356546327471733
2023-06-14,0.0044283348983533,0.004369924310594797
2023-06-15,0.0042835496324375,0.004369421396404505
2023-06-16,0.0043659514656683,0.004349532071501017
2023-06-19,0.0044947890997502,0.004346101079136133
2023-06-20,0.0043896338526843,0.00437377393245697
2023-06-21,0.0043919684817542,0.004389995709061623
2023-06-22,0.0044592409562216,0.004404023289680481
2023-06-23,0.0047012453340007,0.004427986219525337
2023-06-26,0.0042525182338463,0.004496786743402481
2023-06-27,0.004340847902128,0.0044830720871686935
2023-06-28,0.0046444516503916,0.004464888479560614
2023-06-30,0.0049502699462586,0.004498275462538004
2023-07-03,0.0049815307965594,0.004602535627782345
2023-07-04,0.0049893889291448,0.004727925173938274
2023-07-05,0.0049956231144927,0.004853225313127041
2023-07-06,0.0050218459266927,0.004963648039847612
2023-07-07,0.005423028790965,0.005050960928201675
2023-07-10,0.0052205282053049,0.0051888879388570786
2023-07-11,0.0050814289098051,0.005275161936879158
2023-07-12,0.0051990481100637,0.0053017595782876015
2023-07-13,0.0051102558506049,0.0053171017207205296
2023-07-14,0.0052752266825853,0.005299277137964964
2023-07-17,0.005238941651448,0.00530002498999238
2023-07-18,0.0051222235650122,0.005293204914778471
2023-07-19,0.0049453312889542,0.005260718520730734
2023-07-20,0.0050488691611922,0.0051892478950321674
2023-07-21,0.0059770480892939,0.0051331412978470325
2023-07-24,0.0059311427640366,0.005271589383482933
2023-07-25,0.0056699798256246,0.005448517389595509
2023-07-26,0.0056875210135818,0.0055830515921115875
2023-07-27,0.0059100138639779,0.005690243095159531
2023-07-28,0.0057678172316341,0.0058067855425179005
2023-07-31,0.0054034427211563,0.0058699301443994045
2023-08-01,0.0052720902504678,0.005826979875564575
2023-08-02,0.0058052925437986,0.005717409308999777
2023-08-03,0.0060481825070939,0.005692911799997091
2023-08-04,0.0061409185023388,0.0057401577942073345
2023-08-07,0.0058719524033058,0.005828083027154207
2023-08-08,0.0058860879752309,0.00587444007396698
2023-08-09,0.0058542805825101,0.0059081073850393295
2023-08-10,0.0059149592897377,0.005920104216784239
2023-08-11,0.0060633432282022,0.005931600462645292
2023-08-14,0.0058028692636424,0.005965195130556822
2023-08-16,0.0055430095327761,0.005947774741798639
2023-08-17,0.0055964445615753,0.005865026265382767
2023-08-18,0.0054813425576045,0.0057786814868450165
2023-08-21,0.0052800396497458,0.0056731244549155235
2023-08-22,0.0047204258628427,0.005530208814889193
2023-08-23,0.0047258287840182,0.005288227461278439
2023-08-24,0.0047482347580898,0.005052971187978983
2023-08-25,0.0047089459281085,0.004856025334447622
2023-08-28,0.0046308769470671,0.004699858371168375
2023-08-29,0.0046699272817531,0.004580723587423563
2023-08-30,0.0044568581884728,0.004516979679465294
2023-08-31,0.0045359163448658,0.004453485831618309
2023-09-01,0.0045613747576554,0.0044244579039514065
2023-09-04,0.0043703470819788,0.004423114936798811
2023-09-05,0.004131797114933,0.0044018919579684734
2023-09-06,0.0040520041284796,0.004338614642620087
2023-09-07,0.0042328851330151,0.004254921805113554
2023-09-08,0.0042966395361889,0.004210086073726416
2023-09-11,0.004506366030022,0.004197073169052601
2023-09-12,0.0042271521300125,0.0042432500049471855
2023-09-13,0.0042532185620691,0.004256313666701317
2023-09-14,0.004253288865527,0.004270046483725309
2023-09-15,0.0040080250980114,0.0042794146575033665
2023-09-18,0.0040128462490066,0.004237557761371136
2023-09-20,0.0049439138524631,0.004185324069112539
2023-09-21,0.0053392132216501,0.004318915773183107
2023-09-22,0.0054054017682728,0.004572656936943531
2023-09-25,0.0053474864599104,0.004859922919422388
2023-09-26,0.0051155376558598,0.005116377491503954
2023-09-27,0.0051227725781763,0.005276867188513279
2023-09-28,0.0056341646773844,0.005368791986256838
2023-09-29,0.0057562246655038,0.005505761131644249
2023-10-03,0.0057942255021648,0.005642779637128115
2023-10-04,0.0055480542512598,0.0057607549242675304
2023-10-05,0.0055865818336595,0.005799523554742336
2023-10-06,0.0056926841368217,0.005805094726383686
2023-10-09,0.0059001457864502,0.0058054449036717415
2023-10-10,0.0061012316582056,0.005834514740854502
2023-10-11,0.0061661680138575,0.005904954858124256
2023-10-12,0.0058213822793173,0.00599152036011219
2023-10-13,0.0058323176853039,0.0060065858997404575
2023-10-16,0.0057440772656322,0.005996129009872675
2023-10-17,0.0058182196854908,0.005951634142547846
2023-10-18,0.0058548570377149,0.005912839435040951
2023-10-19,0.0058480100520215,0.0058839647099375725
2023-10-20,0.005397869366436,0.005854929331690073
2023-10-23,0.0058660632820962,0.005741460248827934
2023-10-25,0.0060552332868824,0.005712064448744059
2023-10-26,0.0066361628070107,0.005749188829213381
2023-10-27,0.0071354272190467,0.0059307049959897995
2023-10-30,0.0072183975001735,0.00624452717602253
2023-10-31,0.0069725566423194,0.00658485246822238
2023-11-01,0.0068262646749145,0.00684441439807415
2023-11-02,0.0070416154152585,0.007003327831625938
2023-11-03,0.007104159116793,0.007129378151148558
2023-11-06,0.0073101477034137,0.007212711498141289
2023-11-07,0.0071876930389384,0.007292694877833128
2023-11-08,0.0070423863377802,0.007318927440792322
2023-11-09,0.0067299189378933,0.00728360703215003
2023-11-10,0.0065679956176187,0.007158470805734396
2023-11-13,0.0065807338493589,0.006981313694268465
2023-11-15,0.0071290499376054,0.006804600823670626
2023-11-16,0.0071999580757713,0.006761695258319378
2023-11-17,0.0071510183365073,0.006789117585867643
2023-11-20,0.0069876550331209,0.006845361087471247
2023-11-21,0.0070301434001497,0.006884184665977955
2023-11-22,0.0069539427174159,0.006929751019924879
2023-11-23,0.006172167164103,0.006950040813535452
2023-11-24,0.0057871426969476,0.006799365859478712
2023-11-28,0.0045811467920921,0.006528012920171022
2023-11-29,0.0046080361848501,0.005996711552143097
2023-11-30,0.004578435600947,0.005453642923384905
2023-12-01,0.0044791418865639,0.004969173576682806
2023-12-04,0.0055761137603323,0.004569963552057743
2023-12-05,0.0055942905441034,0.004500611685216427
2023-12-06,0.0055899025501473,0.004590855911374092
2023-12-07,0.0055869923239572,0.004773125518113375
2023-12-08,0.0055203040037255,0.004995543975383043
2023-12-11,0.0055310476824274,0.005204291548579931
2023-12-12,0.0056470724286009,0.005385843571275473
2023-12-13,0.0056592021277337,0.005548269487917423
2023-12-14,0.0059254381158179,0.005670653190463781
2023-12-15,0.0059942127216701,0.005798703525215387
2023-12-18,0.0061291525879428,0.005911080166697502
2023-12-19,0.00602203674323,0.006020751781761646
2023-12-20,0.0071228236442128,0.006083905231207609
2023-12-21,0.0071267329057488,0.006334496196359396
2023-12-22,0.0071150744811002,0.006603269837796688
2023-12-26,0.0070550726857861,0.006851112470030785
2023-12-27,0.0071083998951156,0.007039592135697603
2023-12-28,0.0071145374400655,0.007184906862676144
2023-12-29,0.0071088219084258,0.007273545954376459
2024-01-01,0.0071326368068514,0.007310773245990276
2024-01-02,0.0072624477571826,0.0073138573206961155
2024-01-03,0.0064096450779652,0.0073091862723231316
2024-01-04,0.006342555691413,0.0071226805448532104
2024-01-05,0.0063252717863066,0.006885026581585407
2024-01-08,0.0067225632534839,0.0066454182378947735
2024-01-09,0.006708799926765,0.006517684552818537
2024-01-10,0.0067249422436817,0.006450776942074299
2024-01-11,0.0065965367079565,0.006436832714825869
2024-01-12,0.0069238384792414,0.006433840841054916
2024-01-15,0.0067376975110457,0.0065117874182760715
2024-01-16,0.006337452569177,0.006574729457497597
2024-01-17,0.0079904790428837,0.006551366299390793
2024-01-18,0.0080708668811969,0.006836188491433859
2024-01-19,0.0075251724344621,0.007183604408055544
2024-01-23,0.0085196637962055,0.007416491862386465
2024-01-24,0.0087537258174592,0.0077821919694542885
2024-01-25,0.0087659124311068,0.008167259395122528
2024-01-29,0.0093760460553592,0.008499706164002419
2024-01-30,0.0095365046829023,0.00887689832597971
2024-01-31,0.0097711568344026,0.009223174303770065
2024-02-01,0.009774388959461,0.009538677521049976
2024-02-02,0.0098657969882194,0.009773130528628826
2024-02-05,0.0097738249176824,0.00994647666811943
2024-02-06,0.0097955475719579,0.010024547576904297
2024-02-07,0.0097872043987434,0.010037708096206188
2024-02-08,0.009816872902826,0.009997550398111343
2024-02-09,0.0098300297121573,0.009934770874679089
2024-02-12,0.0099635614662361,0.009864621795713902
2024-02-13,0.0100429260765099,0.00982610136270523
2024-02-14,0.0097685436956678,0.009816967882215977
2024-02-15,0.0095674244802412,0.00976927112787962
2024-02-16,0.0096446439081137,0.009682453237473965
2024-02-19,0.0083604356831909,0.009595447219908237
2024-02-20,0.0082449236315772,0.009257752448320389
2024-02-21,0.0083087171049361,0.00887155532836914
2024-02-22,0.0071977754490472,0.008514267392456532
2024-02-23,0.0069775830466839,0.007997026666998863
2024-02-26,0.0069493700368756,0.007478215731680393
2024-02-27,0.0059039129183723,0.007032586727291346
2024-02-28,0.0060235287123098,0.006489634979516268
2024-02-29,0.0057054565837931,0.006050776690244675
2024-03-01,0.0066088695267586,0.005669660400599241
2024-03-04,0.0064873322722679,0.005579933058470488
2024-03-05,0.0064365000099932,0.005612744949758053
2024-03-06,0.0063594409942973,0.005721988622099161
2024-03-07,0.0063547557728022,0.005857436452060938
2024-03-11,0.0061556772430202,0.005997992120683193
2024-03-12,0.0061489928428806,0.006085025612264872
2024-03-13,0.0068747366161688,0.006136945448815823
2024-03-14,0.0069095974568858,0.006305258255451918
2024-03-15,0.0069966213453209,0.006489092484116554
2024-03-18,0.006971439623715,0.006674293894320726
2024-03-19,0.007253093619784,0.0068230037577450275
2024-03-20,0.0071990446383461,0.006996051874011755
2024-03-21,0.0073887686953062,0.007126296404749155
2024-03-22,0.0073099213833163,0.007251508068293333
2024-03-26,0.0071696053173772,0.00733565166592598
2024-03-27,0.0072825955410184,0.00735397869721055
2024-03-28,0.0074978547361094,0.0073571521788835526
2024-04-01,0.00757067755262,0.007392683532088995
2024-04-02,0.0070828196846461,0.007438577711582184
2024-04-03,0.0070943258012874,0.007383848540484905
2024-04-04,0.0062371472463477,0.007296841591596603
2024-04-05,0.0062086216939794,0.007030681241303682
2024-04-08,0.0063395357349382,0.0067340778186917305
2024-04-09,0.0062595799953296,0.0064849164336919785
2024-04-10,0.0063371629438264,0.0062750293873250484
2024-04-12,0.0065646099899707,0.006141709163784981
2024-04-15,0.00702254111571,0.006116608157753944
2024-04-16,0.0062588254695383,0.006238383706659079
2024-04-18,0.0062664039427721,0.006261246744543314
2024-04-19,0.0063317266032318,0.0062691830098629
2024-04-22,0.0065804748505368,0.006279780063778162
2024-04-23,0.0060337893266941,0.006334576290100813
2024-04-24,0.0060340809998832,0.006286797113716602
2024-04-25,0.0060118025126087,0.006212931592017412
2024-04-26,0.0062152912108728,0.006128381472080946
2024-04-29,0.0064209773917035,0.006090858019888401
2024-04-30,0.0063849624366562,0.006115377880632877
2024-05-02,0.0061144063425843,0.006155719049274921
2024-05-03,0.0062425249039028,0.006150027737021446
2024-05-06,0.0062506735991324,0.006162610836327076
2024-05-07,0.0063966650787004,0.006176287773996592
2024-05-08,0.0063366780650545,0.006224104203283787
2024-05-09,0.0071434815780217,0.006262540817260742
2024-05-10,0.0070316794723226,0.006454957649111748
2024-05-13,0.0070734229194006,0.006648274138569832
2024-05-14,0.007083970799361,0.0068319556303322315
2024-05-15,0.0067616757618178,0.006982713006436825
2024-05-16,0.0066483071351486,0.007023193873465061
2024-05-17,0.0065275680806878,0.006991581991314888
2024-05-21,0.00630446805541,0.006895377300679684
2024-05-22,0.0061858499011082,0.006731383036822081
2024-05-23,0.0068508272486838,0.006533547304570675
2024-05-24,0.0068618290434121,0.006486010272055864
2024-05-27,0.0068797762304301,0.00649861479178071
2024-05-28,0.0067502236810443,0.006552803795784712
2024-05-29,0.0068304256673306,0.006598703563213348
2024-05-30,0.0068245993645348,0.006657819729298353
2024-05-31,0.0068330612163974,0.006712783128023148
2024-06-03,0.0098029007326047,0.006761905737221241
2024-06-04,0.0167334360385784,0.007400124799460173
2024-06-05,0.0183338242786343,0.009582466445863247
2024-06-06,0.0183567197188826,0.012395280413329601
2024-06-07,0.0188262388458636,0.015171535313129425
2024-06-10,0.0184102313648627,0.017648939043283463
2024-06-11,0.0184136652019696,0.0194544680416584
2024-06-12,0.0184135153032131,0.0205704178661108
2024-06-13,0.0184049090571413,0.021041665226221085
2024-06-14,0.0183899437288728,0.020990634337067604
2024-06-18,0.0183333380215827,0.020572105422616005
2024-06-19,0.0183555127129105,0.019939130172133446
2024-06-20,0.0183549579490072,0.01925136148929596
2024-06-21,0.0183849141837522,0.018614694476127625
2024-06-24,0.0180879961477245,0.018098030239343643
2024-06-25,0.0181399422224018,0.017670493572950363
2024-06-26,0.0181565681158206,0.017399193719029427
2024-06-27,0.0181712093165852,0.017274314537644386
2024-06-28,0.0180386220839137,0.017269307747483253
2024-07-01,0.0178261986872121,0.017319636419415474
2024-07-02,0.0178464306264299,0.01736670918762684
2024-07-03,0.0166187823277358,0.017394719645380974
2024-07-04,0.008225516574009,0.017080146819353104
2024-07-05,0.0051579670817069,0.014893646351993084
2024-07-08,0.0050601050785529,0.011801254004240036
2024-07-09,0.0031898860252027,0.008755887858569622
2024-07-10,0.0034311692662224,0.005811941809952259
2024-07-11,0.0034498654395158,0.003516832832247019
2024-07-12,0.0036547270042733,0.0019388674991205335
2024-07-15,0.0036573594237101,0.001077564200386405
2024-07-16,0.0036660430965999,0.0007894533919170499
2024-07-18,0.0038329510086292,0.0009235915495082736
2024-07-19,0.0047503475792408,0.001357362954877317
2024-07-22,0.0047918180168743,0.0021083836909383535
2024-07-23,0.004727264351058,0.002929768292233348
2024-07-24,0.0048337887908366,0.003683848772197962
2024-07-25,0.0046480704850181,0.004321292042732239
2024-07-26,0.0057469596647971,0.004755608271807432
2024-07-29,0.005620324798426,0.005228311754763126
2024-07-30,0.0055824255023644,0.005566343665122986
2024-07-31,0.0055368774955101,0.00577041320502758
2024-08-01,0.0055134540151212,0.005849107168614864
2024-08-02,0.0061205033673697,0.0058395760133862495
2024-08-05,0.0086481535084639,0.005944959353655577
2024-08-06,0.0086541831675523,0.006562534719705582
2024-08-07,0.0091277349354155,0.007258308585733175
2024-08-08,0.0091992345401639,0.008024021983146667
2024-08-09,0.0094533772658153,0.008707222528755665
2024-08-12,0.009455116032829,0.009292279370129108
2024-08-13,0.0094680138029735,0.009713164530694485
2024-08-14,0.0094231548691074,0.009969106875360012
2024-08-16,0.0101406026473397,0.010067291557788849
2024-08-19,0.0099920265831947,0.010195060633122921
2024-08-20,0.00975993457679,0.01023429911583662
2024-08-21,0.0097712426659269,0.010173635557293892
2024-08-22,0.0097659483562603,0.010071895085275173
2024-08-23,0.0097364894664324,0.009951675310730934
2024-08-26,0.0098416686064914,0.009830601513385773
2024-08-27,0.0091102048472469,0.009738784283399582
2024-08-28,0.0091126535062859,0.009526408277451992
2024-08-29,0.0091454656371461,0.00931465532630682
2024-08-30,0.0091383091312269,0.009138192050158978
2024-09-02,0.0091325103570848,0.009005572646856308
2024-09-03,0.0086899973580173,0.008914684876799583
2024-09-04,0.0059367172631345,0.008756114169955254
2024-09-05,0.0059175093094665,0.008057041093707085
2024-09-06,0.0061592235767355,0.0072806221432983875
2024-09-09,0.0058552348710607,0.0066086105071008205
2024-09-10,0.0055416832278853,0.006017282605171204
2024-09-11,0.0056893849383594,0.005518616177141666
2024-09-12,0.0064337536179908,0.005198827013373375
2024-09-13,0.0064669849018216,0.005179529078304768
2024-09-16,0.0056177057079308,0.005314828362315893
2024-09-17,0.0056174856194716,0.005370631814002991
2024-09-18,0.0055992939808768,0.005426300689578056
2024-09-19,0.0055877440226767,0.005471216514706612
2024-09-20,0.0063108074434204,0.005503393709659576
2024-09-23,0.0063576492916985,0.005668868776410818
2024-09-24,0.0062467224026433,0.005861283745616674
2024-09-25,0.0062394340747299,0.0060270302928984165
2024-09-26,0.0063859478347065,0.0061554922722280025
2024-09-27,0.006417827698296,0.006271734368056059
2024-09-30,0.0072982657858649,0.006360931321978569
2024-10-01,0.0073050392032092,0.006595144048333168
2024-10-03,0.0087915027556907,0.006839210633188486
2024-10-04,0.0090021768570194,0.007376466412097216
2024-10-07,0.0091834278983628,0.007966835051774979
2024-10-08,0.0090358074895638,0.008535722270607948
2024-10-09,0.0090134558219171,0.00897439569234848
2024-10-10,0.0089659047041182,0.009273012168705463
2024-10-11,0.0089036307112622,0.009425451047718525
2024-10-14,0.007979547667484,0.009443365037441254
2024-10-15,0.0079941376302829,0.0091842170804739
2024-10-16,0.0080085330706663,0.00884856004267931
2024-10-17,0.0081827197791184,0.008502647280693054
2024-10-18,0.0082684304951743,0.00822998583316803
2024-10-21,0.0082581620470715,0.00804718304425478
2024-10-22,0.0077651299926272,0.007934842258691788
2024-10-23,0.0075392568740651,0.007788423914462328
2024-10-24,0.0075172328465594,0.007629134692251682
2024-10-25,0.0075235896558807,0.007493873592466116
2024-10-28,0.0074084752955238,0.007395065389573574
2024-10-29,0.0076420694951118,0.007311203982681036
2024-10-30,0.0072396844892584,0.007297692354768515
2024-10-31,0.0072448737664746,0.007240219507366419
2024-11-01,0.0060462216594011,0.007178923115134239
2024-11-04,0.0063009505221436,0.006887129507958889
2024-11-05,0.0065348323899228,0.006615213118493557
2024-11-06,0.0067330055509916,0.006424139719456434
2024-11-07,0.0071254385831373,0.0063358028419315815
2024-11-08,0.007108785031593,0.006393482908606529
2024-11-11,0.007114837244246,0.00651137437671423
2024-11-12,0.0071262034332006,0.006663665175437927
2024-11-13,0.0075385600803297,0.006816488690674305
2024-11-14,0.007547809060334,0.007032664958387613
2024-11-18,0.0074202833763549,0.007235155440866947
2024-11-19,0.0073608424274433,0.00737559562548995
2024-11-21,0.0074280430889396,0.007453035097569227
2024-11-22,0.0090693685430341,0.007499184925109148
2024-11-25,0.0095814729543004,0.007846657186746597
2024-11-26,0.0095798535961232,0.008339326828718185
2024-11-27,0.0094025363136199,0.008828064426779747
2024-11-28,0.0098378556517192,0.009213161654770374
2024-11-29,0.0099888195762467,0.009576906450092793
2024-12-02,0.0100336737573538,0.009881348349153996
2024-12-03,0.010081685319577,0.010100610554218292
2024-12-04,0.0100481210424311,0.010247974656522274
2024-12-05,0.0097798390178873,0.01030699908733368
2024-12-06,0.0096341099846461,0.010243243537843227
2024-12-09,0.0093651417141594,0.010092954151332378
2024-12-10,0.0089593570961242,0.009856084361672401
2024-12-11,0.0089346981508106,0.00952985230833292
2024-12-12,0.0089916204711498,0.009210973978042603
2024-12-13,0.0087501436645197,0.00895279087126255
2024-12-16,0.0081329220523673,0.008712947368621826
2024-12-17,0.0088109533911935,0.008410842157900333
2024-12-18,0.0088893227035051,0.008291675709187984
2024-12-19,0.0092436629616502,0.00827912986278534
2024-12-20,0.0097542315836099,0.00840726587921381
2024-12-23,0.0083621379573557,0.00868028961122036
2024-12-24,0.0077796692430353,0.008697643876075745
2024-12-26,0.007790915223345,0.008524572476744652
2024-12-27,0.0077744376499357,0.008292190730571747
2024-12-30,0.0072336825205918,0.008042736910283566
2024-12-31,0.0068968531013024,0.007707666140049696
